county_fips_code,year,unit_desc,Value,state_alpha,county_name
1077,2007,BU / ACRE,37,AL,LAUDERDALE
1083,2007,BU / ACRE,30,AL,LIMESTONE
1089,2007,BU / ACRE,40,AL,MADISON
1049,2007,BU / ACRE,41,AL,DE KALB
1071,2007,BU / ACRE,36,AL,JACKSON
1003,2007,BU / ACRE,54,AL,BALDWIN
1053,2007,BU / ACRE,53,AL,ESCAMBIA
1067,2007,BU / ACRE,46,AL,HENRY
1069,2007,BU / ACRE,42,AL,HOUSTON
5021,2007,BU / ACRE,35,AR,CLAY
5031,2007,BU / ACRE,43,AR,CRAIGHEAD
5055,2007,BU / ACRE,24,AR,GREENE
5063,2007,BU / ACRE,28,AR,INDEPENDENCE
5067,2007,BU / ACRE,33,AR,JACKSON
5075,2007,BU / ACRE,35,AR,LAWRENCE
5093,2007,BU / ACRE,50,AR,MISSISSIPPI
5111,2007,BU / ACRE,42,AR,POINSETT
5121,2007,BU / ACRE,28,AR,RANDOLPH
5145,2007,BU / ACRE,28,AR,WHITE
5033,2007,BU / ACRE,22,AR,CRAWFORD
5149,2007,BU / ACRE,35,AR,YELL
5029,2007,BU / ACRE,32,AR,CONWAY
5119,2007,BU / ACRE,39,AR,PULASKI
5001,2007,BU / ACRE,37,AR,ARKANSAS
5035,2007,BU / ACRE,36,AR,CRITTENDEN
5037,2007,BU / ACRE,35,AR,CROSS
5077,2007,BU / ACRE,45,AR,LEE
5085,2007,BU / ACRE,44,AR,LONOKE
5095,2007,BU / ACRE,36,AR,MONROE
5107,2007,BU / ACRE,43,AR,PHILLIPS
5117,2007,BU / ACRE,43,AR,PRAIRIE
5123,2007,BU / ACRE,37,AR,SAINT FRANCIS
5147,2007,BU / ACRE,33,AR,WOODRUFF
5073,2007,BU / ACRE,53,AR,LAFAYETTE
5081,2007,BU / ACRE,49,AR,LITTLE RIVER
5091,2007,BU / ACRE,50,AR,MILLER
5003,2007,BU / ACRE,57,AR,ASHLEY
5017,2007,BU / ACRE,58,AR,CHICOT
5041,2007,BU / ACRE,54,AR,DESHA
5043,2007,BU / ACRE,47,AR,DREW
5069,2007,BU / ACRE,50,AR,JEFFERSON
5079,2007,BU / ACRE,50,AR,LINCOLN
6093,2007,BU / ACRE,90.7,CA,SISKIYOU
6035,2007,BU / ACRE,50,CA,LASSEN
6049,2007,BU / ACRE,98.8,CA,MODOC
6013,2007,BU / ACRE,58.9,CA,CONTRA COSTA
6053,2007,BU / ACRE,78,CA,MONTEREY
6079,2007,BU / ACRE,76,CA,SAN LUIS OBISPO
6007,2007,BU / ACRE,70,CA,BUTTE
6011,2007,BU / ACRE,82.8,CA,COLUSA
6021,2007,BU / ACRE,95.1,CA,GLENN
6067,2007,BU / ACRE,84,CA,SACRAMENTO
6095,2007,BU / ACRE,65.7,CA,SOLANO
6101,2007,BU / ACRE,83,CA,SUTTER
6103,2007,BU / ACRE,105,CA,TEHAMA
6113,2007,BU / ACRE,76.7,CA,YOLO
6115,2007,BU / ACRE,91.7,CA,YUBA
6019,2007,BU / ACRE,92.2,CA,FRESNO
6029,2007,BU / ACRE,90.6,CA,KERN
6031,2007,BU / ACRE,78.2,CA,KINGS
6039,2007,BU / ACRE,88.1,CA,MADERA
6047,2007,BU / ACRE,85.3,CA,MERCED
6077,2007,BU / ACRE,89,CA,SAN JOAQUIN
6099,2007,BU / ACRE,72.7,CA,STANISLAUS
6107,2007,BU / ACRE,79.5,CA,TULARE
6025,2007,BU / ACRE,106.7,CA,IMPERIAL
6065,2007,BU / ACRE,50,CA,RIVERSIDE
6083,2007,BU / ACRE,98.4,CA,SANTA BARBARA
8081,2007,BU / ACRE,15.5,CO,MOFFAT
8103,2007,BU / ACRE,14,CO,RIO BLANCO
8107,2007,BU / ACRE,23.5,CO,ROUTT
8013,2007,BU / ACRE,44,CO,BOULDER
8014,2007,BU / ACRE,23.5,CO,BROOMFIELD
8069,2007,BU / ACRE,44,CO,LARIMER
8075,2007,BU / ACRE,34,CO,LOGAN
8087,2007,BU / ACRE,45.5,CO,MORGAN
8115,2007,BU / ACRE,40,CO,SEDGWICK
8123,2007,BU / ACRE,34.5,CO,WELD
8001,2007,BU / ACRE,34,CO,ADAMS
8005,2007,BU / ACRE,36.5,CO,ARAPAHOE
8017,2007,BU / ACRE,35,CO,CHEYENNE
8031,2007,BU / ACRE,22,CO,DENVER
8035,2007,BU / ACRE,34.5,CO,DOUGLAS
8039,2007,BU / ACRE,35,CO,ELBERT
8041,2007,BU / ACRE,34,CO,EL PASO
8061,2007,BU / ACRE,44,CO,KIOWA
8063,2007,BU / ACRE,42.5,CO,KIT CARSON
8073,2007,BU / ACRE,32,CO,LINCOLN
8095,2007,BU / ACRE,42.5,CO,PHILLIPS
8121,2007,BU / ACRE,38,CO,WASHINGTON
8125,2007,BU / ACRE,46.5,CO,YUMA
8029,2007,BU / ACRE,100,CO,DELTA
8033,2007,BU / ACRE,19,CO,DOLORES
8045,2007,BU / ACRE,50,CO,GARFIELD
8067,2007,BU / ACRE,18.5,CO,LA PLATA
8077,2007,BU / ACRE,116.5,CO,MESA
8083,2007,BU / ACRE,23.5,CO,MONTEZUMA
8085,2007,BU / ACRE,85,CO,MONTROSE
8113,2007,BU / ACRE,45,CO,SAN MIGUEL
8003,2007,BU / ACRE,101,CO,ALAMOSA
8021,2007,BU / ACRE,86.5,CO,CONEJOS
8023,2007,BU / ACRE,107,CO,COSTILLA
8105,2007,BU / ACRE,111,CO,RIO GRANDE
8109,2007,BU / ACRE,109,CO,SAGUACHE
8009,2007,BU / ACRE,35.5,CO,BACA
8011,2007,BU / ACRE,52,CO,BENT
8025,2007,BU / ACRE,28.5,CO,CROWLEY
8071,2007,BU / ACRE,35,CO,LAS ANIMAS
8089,2007,BU / ACRE,67,CO,OTERO
8099,2007,BU / ACRE,43,CO,PROWERS
8101,2007,BU / ACRE,56,CO,PUEBLO
10003,2007,BU / ACRE,72.2,DE,NEW CASTLE
10001,2007,BU / ACRE,69.1,DE,KENT
10005,2007,BU / ACRE,65.5,DE,SUSSEX
13129,2007,BU / ACRE,42,GA,GORDON
13157,2007,BU / ACRE,25,GA,JACKSON
13219,2007,BU / ACRE,30,GA,OCONEE
13297,2007,BU / ACRE,33,GA,WALTON
13119,2007,BU / ACRE,15,GA,FRANKLIN
13147,2007,BU / ACRE,22,GA,HART
13195,2007,BU / ACRE,31,GA,MADISON
13221,2007,BU / ACRE,33,GA,OGLETHORPE
13317,2007,BU / ACRE,27,GA,WILKES
13077,2007,BU / ACRE,30,GA,COWETA
13171,2007,BU / ACRE,30,GA,LAMAR
13193,2007,BU / ACRE,45,GA,MACON
13197,2007,BU / ACRE,30,GA,MARION
13199,2007,BU / ACRE,30,GA,MERIWETHER
13231,2007,BU / ACRE,45,GA,PIKE
13249,2007,BU / ACRE,28,GA,SCHLEY
13269,2007,BU / ACRE,35,GA,TAYLOR
13021,2007,BU / ACRE,45,GA,BIBB
13023,2007,BU / ACRE,50,GA,BLECKLEY
13091,2007,BU / ACRE,38,GA,DODGE
13153,2007,BU / ACRE,43,GA,HOUSTON
13159,2007,BU / ACRE,30,GA,JASPER
13167,2007,BU / ACRE,31,GA,JOHNSON
13175,2007,BU / ACRE,37,GA,LAURENS
13207,2007,BU / ACRE,40,GA,MONROE
13209,2007,BU / ACRE,26,GA,MONTGOMERY
13211,2007,BU / ACRE,27,GA,MORGAN
13225,2007,BU / ACRE,40,GA,PEACH
13235,2007,BU / ACRE,38,GA,PULASKI
13303,2007,BU / ACRE,33,GA,WASHINGTON
13309,2007,BU / ACRE,35,GA,WHEELER
13319,2007,BU / ACRE,43,GA,WILKINSON
13031,2007,BU / ACRE,26,GA,BULLOCH
13033,2007,BU / ACRE,40,GA,BURKE
13043,2007,BU / ACRE,28,GA,CANDLER
13107,2007,BU / ACRE,38,GA,EMANUEL
13163,2007,BU / ACRE,37,GA,JEFFERSON
13165,2007,BU / ACRE,25,GA,JENKINS
13251,2007,BU / ACRE,32,GA,SCREVEN
13301,2007,BU / ACRE,25,GA,WARREN
13007,2007,BU / ACRE,50,GA,BAKER
13037,2007,BU / ACRE,58,GA,CALHOUN
13061,2007,BU / ACRE,66,GA,CLAY
13087,2007,BU / ACRE,39,GA,DECATUR
13095,2007,BU / ACRE,63,GA,DOUGHERTY
13099,2007,BU / ACRE,55,GA,EARLY
13131,2007,BU / ACRE,47,GA,GRADY
13177,2007,BU / ACRE,43,GA,LEE
13201,2007,BU / ACRE,58,GA,MILLER
13205,2007,BU / ACRE,46,GA,MITCHELL
13243,2007,BU / ACRE,50,GA,RANDOLPH
13253,2007,BU / ACRE,62,GA,SEMINOLE
13259,2007,BU / ACRE,36,GA,STEWART
13261,2007,BU / ACRE,50,GA,SUMTER
13273,2007,BU / ACRE,51,GA,TERRELL
13275,2007,BU / ACRE,34,GA,THOMAS
13307,2007,BU / ACRE,20,GA,WEBSTER
13003,2007,BU / ACRE,30,GA,ATKINSON
13017,2007,BU / ACRE,47,GA,BEN HILL
13019,2007,BU / ACRE,46,GA,BERRIEN
13027,2007,BU / ACRE,55,GA,BROOKS
13069,2007,BU / ACRE,35,GA,COFFEE
13071,2007,BU / ACRE,45,GA,COLQUITT
13075,2007,BU / ACRE,40,GA,COOK
13081,2007,BU / ACRE,30,GA,CRISP
13093,2007,BU / ACRE,46,GA,DOOLY
13155,2007,BU / ACRE,35,GA,IRWIN
13161,2007,BU / ACRE,20,GA,JEFF DAVIS
13271,2007,BU / ACRE,30,GA,TELFAIR
13277,2007,BU / ACRE,40,GA,TIFT
13287,2007,BU / ACRE,45,GA,TURNER
13315,2007,BU / ACRE,52,GA,WILCOX
13321,2007,BU / ACRE,41,GA,WORTH
13001,2007,BU / ACRE,26,GA,APPLING
13005,2007,BU / ACRE,28,GA,BACON
13109,2007,BU / ACRE,30,GA,EVANS
13229,2007,BU / ACRE,40,GA,PIERCE
13267,2007,BU / ACRE,23,GA,TATTNALL
13279,2007,BU / ACRE,44,GA,TOOMBS
16009,2007,BU / ACRE,63.4,ID,BENEWAH
16021,2007,BU / ACRE,65.9,ID,BOUNDARY
16035,2007,BU / ACRE,51.4,ID,CLEARWATER
16049,2007,BU / ACRE,58.6,ID,IDAHO
16055,2007,BU / ACRE,66.5,ID,KOOTENAI
16057,2007,BU / ACRE,65.5,ID,LATAH
16061,2007,BU / ACRE,50.3,ID,LEWIS
16069,2007,BU / ACRE,60.1,ID,NEZ PERCE
16001,2007,BU / ACRE,106.6,ID,ADA
16027,2007,BU / ACRE,104.1,ID,CANYON
16039,2007,BU / ACRE,88,ID,ELMORE
16045,2007,BU / ACRE,105.7,ID,GEM
16073,2007,BU / ACRE,99.5,ID,OWYHEE
16075,2007,BU / ACRE,88.2,ID,PAYETTE
16087,2007,BU / ACRE,78.7,ID,WASHINGTON
16031,2007,BU / ACRE,94.1,ID,CASSIA
16047,2007,BU / ACRE,105.2,ID,GOODING
16053,2007,BU / ACRE,109.4,ID,JEROME
16063,2007,BU / ACRE,97.2,ID,LINCOLN
16067,2007,BU / ACRE,102.5,ID,MINIDOKA
16083,2007,BU / ACRE,110.6,ID,TWIN FALLS
16005,2007,BU / ACRE,46.2,ID,BANNOCK
16007,2007,BU / ACRE,17.5,ID,BEAR LAKE
16011,2007,BU / ACRE,106.6,ID,BINGHAM
16019,2007,BU / ACRE,56.7,ID,BONNEVILLE
16023,2007,BU / ACRE,86.4,ID,BUTTE
16029,2007,BU / ACRE,43.1,ID,CARIBOU
16041,2007,BU / ACRE,41.5,ID,FRANKLIN
16043,2007,BU / ACRE,63.2,ID,FREMONT
16051,2007,BU / ACRE,101.6,ID,JEFFERSON
16065,2007,BU / ACRE,76.6,ID,MADISON
16071,2007,BU / ACRE,27.6,ID,ONEIDA
16077,2007,BU / ACRE,68.9,ID,POWER
16081,2007,BU / ACRE,37.8,ID,TETON
17011,2007,BU / ACRE,62,IL,BUREAU
17015,2007,BU / ACRE,79,IL,CARROLL
17073,2007,BU / ACRE,67,IL,HENRY
17103,2007,BU / ACRE,70,IL,LEE
17131,2007,BU / ACRE,48,IL,MERCER
17141,2007,BU / ACRE,84,IL,OGLE
17177,2007,BU / ACRE,77,IL,STEPHENSON
17195,2007,BU / ACRE,69,IL,WHITESIDE
17201,2007,BU / ACRE,70,IL,WINNEBAGO
17007,2007,BU / ACRE,82,IL,BOONE
17037,2007,BU / ACRE,70,IL,DE KALB
17063,2007,BU / ACRE,57,IL,GRUNDY
17089,2007,BU / ACRE,71,IL,KANE
17093,2007,BU / ACRE,58,IL,KENDALL
17097,2007,BU / ACRE,72,IL,LAKE
17099,2007,BU / ACRE,57,IL,LA SALLE
17111,2007,BU / ACRE,63,IL,MCHENRY
17197,2007,BU / ACRE,49,IL,WILL
17001,2007,BU / ACRE,63,IL,ADAMS
17009,2007,BU / ACRE,56,IL,BROWN
17057,2007,BU / ACRE,58,IL,FULTON
17067,2007,BU / ACRE,64,IL,HANCOCK
17071,2007,BU / ACRE,67,IL,HENDERSON
17095,2007,BU / ACRE,69,IL,KNOX
17109,2007,BU / ACRE,68,IL,MCDONOUGH
17169,2007,BU / ACRE,61,IL,SCHUYLER
17187,2007,BU / ACRE,72,IL,WARREN
17113,2007,BU / ACRE,61,IL,MCLEAN
17115,2007,BU / ACRE,59,IL,MACON
17123,2007,BU / ACRE,50,IL,MARSHALL
17125,2007,BU / ACRE,50,IL,MASON
17129,2007,BU / ACRE,73,IL,MENARD
17143,2007,BU / ACRE,53,IL,PEORIA
17175,2007,BU / ACRE,63,IL,STARK
17179,2007,BU / ACRE,65,IL,TAZEWELL
17203,2007,BU / ACRE,53,IL,WOODFORD
17019,2007,BU / ACRE,58,IL,CHAMPAIGN
17053,2007,BU / ACRE,56,IL,FORD
17075,2007,BU / ACRE,57,IL,IROQUOIS
17091,2007,BU / ACRE,57,IL,KANKAKEE
17105,2007,BU / ACRE,60,IL,LIVINGSTON
17147,2007,BU / ACRE,61,IL,PIATT
17183,2007,BU / ACRE,59,IL,VERMILION
17005,2007,BU / ACRE,55,IL,BOND
17013,2007,BU / ACRE,50,IL,CALHOUN
17017,2007,BU / ACRE,50,IL,CASS
17021,2007,BU / ACRE,59,IL,CHRISTIAN
17061,2007,BU / ACRE,58,IL,GREENE
17083,2007,BU / ACRE,56,IL,JERSEY
17117,2007,BU / ACRE,56,IL,MACOUPIN
17119,2007,BU / ACRE,52,IL,MADISON
17135,2007,BU / ACRE,65,IL,MONTGOMERY
17137,2007,BU / ACRE,72,IL,MORGAN
17149,2007,BU / ACRE,62,IL,PIKE
17167,2007,BU / ACRE,72,IL,SANGAMON
17171,2007,BU / ACRE,60,IL,SCOTT
17023,2007,BU / ACRE,58,IL,CLARK
17025,2007,BU / ACRE,58,IL,CLAY
17029,2007,BU / ACRE,56,IL,COLES
17033,2007,BU / ACRE,50,IL,CRAWFORD
17035,2007,BU / ACRE,68,IL,CUMBERLAND
17041,2007,BU / ACRE,67,IL,DOUGLAS
17045,2007,BU / ACRE,65,IL,EDGAR
17049,2007,BU / ACRE,64,IL,EFFINGHAM
17051,2007,BU / ACRE,56,IL,FAYETTE
17079,2007,BU / ACRE,54,IL,JASPER
17101,2007,BU / ACRE,54,IL,LAWRENCE
17121,2007,BU / ACRE,60,IL,MARION
17139,2007,BU / ACRE,59,IL,MOULTRIE
17159,2007,BU / ACRE,54,IL,RICHLAND
17173,2007,BU / ACRE,63,IL,SHELBY
17003,2007,BU / ACRE,38,IL,ALEXANDER
17027,2007,BU / ACRE,53,IL,CLINTON
17077,2007,BU / ACRE,43,IL,JACKSON
17133,2007,BU / ACRE,43,IL,MONROE
17145,2007,BU / ACRE,42,IL,PERRY
17153,2007,BU / ACRE,42,IL,PULASKI
17157,2007,BU / ACRE,46,IL,RANDOLPH
17163,2007,BU / ACRE,46,IL,ST CLAIR
17189,2007,BU / ACRE,50,IL,WASHINGTON
17199,2007,BU / ACRE,45,IL,WILLIAMSON
17047,2007,BU / ACRE,53,IL,EDWARDS
17055,2007,BU / ACRE,44,IL,FRANKLIN
17059,2007,BU / ACRE,51,IL,GALLATIN
17065,2007,BU / ACRE,58,IL,HAMILTON
17081,2007,BU / ACRE,48,IL,JEFFERSON
17127,2007,BU / ACRE,32,IL,MASSAC
17165,2007,BU / ACRE,50,IL,SALINE
17185,2007,BU / ACRE,53,IL,WABASH
17191,2007,BU / ACRE,52,IL,WAYNE
17193,2007,BU / ACRE,45,IL,WHITE
18089,2007,BU / ACRE,63.9,IN,LAKE
18091,2007,BU / ACRE,57.7,IN,LA PORTE
18127,2007,BU / ACRE,65.4,IN,PORTER
18131,2007,BU / ACRE,56.5,IN,PULASKI
18181,2007,BU / ACRE,63.8,IN,WHITE
18015,2007,BU / ACRE,61,IN,CARROLL
18017,2007,BU / ACRE,51.8,IN,CASS
18039,2007,BU / ACRE,53.9,IN,ELKHART
18049,2007,BU / ACRE,51,IN,FULTON
18085,2007,BU / ACRE,55.2,IN,KOSCIUSKO
18099,2007,BU / ACRE,40.8,IN,MARSHALL
18103,2007,BU / ACRE,62.4,IN,MIAMI
18141,2007,BU / ACRE,63.3,IN,ST. JOSEPH
18169,2007,BU / ACRE,60.1,IN,WABASH
18001,2007,BU / ACRE,59.6,IN,ADAMS
18003,2007,BU / ACRE,59.3,IN,ALLEN
18033,2007,BU / ACRE,55.4,IN,DE KALB
18069,2007,BU / ACRE,53.8,IN,HUNTINGTON
18087,2007,BU / ACRE,57,IN,LAGRANGE
18113,2007,BU / ACRE,51.8,IN,NOBLE
18151,2007,BU / ACRE,54.5,IN,STEUBEN
18179,2007,BU / ACRE,57.1,IN,WELLS
18183,2007,BU / ACRE,56.4,IN,WHITLEY
18021,2007,BU / ACRE,43.7,IN,CLAY
18045,2007,BU / ACRE,55.1,IN,FOUNTAIN
18107,2007,BU / ACRE,55.5,IN,MONTGOMERY
18119,2007,BU / ACRE,54.8,IN,OWEN
18121,2007,BU / ACRE,50.4,IN,PARKE
18157,2007,BU / ACRE,54.4,IN,TIPPECANOE
18005,2007,BU / ACRE,57.6,IN,BARTHOLOMEW
18011,2007,BU / ACRE,59,IN,BOONE
18023,2007,BU / ACRE,57.9,IN,CLINTON
18031,2007,BU / ACRE,55.9,IN,DECATUR
18053,2007,BU / ACRE,58.1,IN,GRANT
18057,2007,BU / ACRE,52.7,IN,HAMILTON
18059,2007,BU / ACRE,65.7,IN,HANCOCK
18063,2007,BU / ACRE,68,IN,HENDRICKS
18067,2007,BU / ACRE,55.4,IN,HOWARD
18081,2007,BU / ACRE,53.8,IN,JOHNSON
18095,2007,BU / ACRE,57.8,IN,MADISON
18139,2007,BU / ACRE,59.6,IN,RUSH
18145,2007,BU / ACRE,59.2,IN,SHELBY
18159,2007,BU / ACRE,67.1,IN,TIPTON
18035,2007,BU / ACRE,52,IN,DELAWARE
18065,2007,BU / ACRE,64.1,IN,HENRY
18075,2007,BU / ACRE,52.7,IN,JAY
18135,2007,BU / ACRE,56,IN,RANDOLPH
18177,2007,BU / ACRE,53.8,IN,WAYNE
18027,2007,BU / ACRE,62,IN,DAVIESS
18037,2007,BU / ACRE,38.7,IN,DUBOIS
18051,2007,BU / ACRE,59.1,IN,GIBSON
18083,2007,BU / ACRE,58,IN,KNOX
18129,2007,BU / ACRE,55.3,IN,POSEY
18147,2007,BU / ACRE,50,IN,SPENCER
18153,2007,BU / ACRE,54.5,IN,SULLIVAN
18163,2007,BU / ACRE,52.4,IN,VANDERBURGH
18173,2007,BU / ACRE,46.9,IN,WARRICK
18061,2007,BU / ACRE,49.8,IN,HARRISON
18071,2007,BU / ACRE,49.3,IN,JACKSON
18117,2007,BU / ACRE,55.9,IN,ORANGE
18175,2007,BU / ACRE,49.3,IN,WASHINGTON
18019,2007,BU / ACRE,49.9,IN,CLARK
18047,2007,BU / ACRE,52,IN,FRANKLIN
18077,2007,BU / ACRE,41.3,IN,JEFFERSON
18079,2007,BU / ACRE,44.3,IN,JENNINGS
18137,2007,BU / ACRE,48.2,IN,RIPLEY
19103,2007,BU / ACRE,62.2,IA,JOHNSON
19135,2007,BU / ACRE,39.1,IA,MONROE
19185,2007,BU / ACRE,41.5,IA,WAYNE
19057,2007,BU / ACRE,72,IA,DES MOINES
19101,2007,BU / ACRE,42,IA,JEFFERSON
19107,2007,BU / ACRE,44.2,IA,KEOKUK
19111,2007,BU / ACRE,61.8,IA,LEE
19177,2007,BU / ACRE,42.9,IA,VAN BUREN
19183,2007,BU / ACRE,61.4,IA,WASHINGTON
20023,2007,BU / ACRE,47,KS,CHEYENNE
20039,2007,BU / ACRE,49,KS,DECATUR
20065,2007,BU / ACRE,33,KS,GRAHAM
20137,2007,BU / ACRE,30,KS,NORTON
20153,2007,BU / ACRE,43,KS,RAWLINS
20179,2007,BU / ACRE,45,KS,SHERIDAN
20181,2007,BU / ACRE,46,KS,SHERMAN
20193,2007,BU / ACRE,42,KS,THOMAS
20063,2007,BU / ACRE,45,KS,GOVE
20071,2007,BU / ACRE,52,KS,GREELEY
20101,2007,BU / ACRE,43,KS,LANE
20109,2007,BU / ACRE,47,KS,LOGAN
20135,2007,BU / ACRE,37,KS,NESS
20171,2007,BU / ACRE,56,KS,SCOTT
20195,2007,BU / ACRE,30,KS,TREGO
20199,2007,BU / ACRE,46,KS,WALLACE
20203,2007,BU / ACRE,55,KS,WICHITA
20025,2007,BU / ACRE,32,KS,CLARK
20055,2007,BU / ACRE,50,KS,FINNEY
20057,2007,BU / ACRE,37,KS,FORD
20067,2007,BU / ACRE,48,KS,GRANT
20069,2007,BU / ACRE,49,KS,GRAY
20075,2007,BU / ACRE,46,KS,HAMILTON
20081,2007,BU / ACRE,51,KS,HASKELL
20083,2007,BU / ACRE,42,KS,HODGEMAN
20093,2007,BU / ACRE,45,KS,KEARNY
20119,2007,BU / ACRE,47,KS,MEADE
20129,2007,BU / ACRE,47,KS,MORTON
20175,2007,BU / ACRE,53,KS,SEWARD
20187,2007,BU / ACRE,53,KS,STANTON
20189,2007,BU / ACRE,56,KS,STEVENS
20027,2007,BU / ACRE,28,KS,CLAY
20029,2007,BU / ACRE,29,KS,CLOUD
20089,2007,BU / ACRE,34,KS,JEWELL
20123,2007,BU / ACRE,34,KS,MITCHELL
20141,2007,BU / ACRE,34,KS,OSBORNE
20143,2007,BU / ACRE,23,KS,OTTAWA
20147,2007,BU / ACRE,34,KS,PHILLIPS
20157,2007,BU / ACRE,30,KS,REPUBLIC
20163,2007,BU / ACRE,36,KS,ROOKS
20183,2007,BU / ACRE,31,KS,SMITH
20201,2007,BU / ACRE,31,KS,WASHINGTON
20009,2007,BU / ACRE,23,KS,BARTON
20041,2007,BU / ACRE,18,KS,DICKINSON
20051,2007,BU / ACRE,32,KS,ELLIS
20053,2007,BU / ACRE,19,KS,ELLSWORTH
20105,2007,BU / ACRE,26,KS,LINCOLN
20113,2007,BU / ACRE,13,KS,MCPHERSON
20115,2007,BU / ACRE,16,KS,MARION
20159,2007,BU / ACRE,16,KS,RICE
20165,2007,BU / ACRE,31,KS,RUSH
20167,2007,BU / ACRE,29,KS,RUSSELL
20169,2007,BU / ACRE,15,KS,SALINE
20007,2007,BU / ACRE,26,KS,BARBER
20033,2007,BU / ACRE,22,KS,COMANCHE
20047,2007,BU / ACRE,32,KS,EDWARDS
20077,2007,BU / ACRE,22,KS,HARPER
20079,2007,BU / ACRE,14,KS,HARVEY
20095,2007,BU / ACRE,13,KS,KINGMAN
20097,2007,BU / ACRE,25,KS,KIOWA
20145,2007,BU / ACRE,34,KS,PAWNEE
20151,2007,BU / ACRE,23,KS,PRATT
20155,2007,BU / ACRE,15,KS,RENO
20173,2007,BU / ACRE,12,KS,SEDGWICK
20185,2007,BU / ACRE,18,KS,STAFFORD
20191,2007,BU / ACRE,17,KS,SUMNER
20005,2007,BU / ACRE,25,KS,ATCHISON
20013,2007,BU / ACRE,36,KS,BROWN
20043,2007,BU / ACRE,27,KS,DONIPHAN
20085,2007,BU / ACRE,23,KS,JACKSON
20087,2007,BU / ACRE,30,KS,JEFFERSON
20103,2007,BU / ACRE,21,KS,LEAVENWORTH
20117,2007,BU / ACRE,28,KS,MARSHALL
20131,2007,BU / ACRE,30,KS,NEMAHA
20149,2007,BU / ACRE,19,KS,POTTAWATOMIE
20161,2007,BU / ACRE,25,KS,RILEY
20209,2007,BU / ACRE,20,KS,WYANDOTTE
20003,2007,BU / ACRE,20,KS,ANDERSON
20017,2007,BU / ACRE,23,KS,CHASE
20031,2007,BU / ACRE,28,KS,COFFEY
20045,2007,BU / ACRE,25,KS,DOUGLAS
20059,2007,BU / ACRE,20,KS,FRANKLIN
20061,2007,BU / ACRE,21,KS,GEARY
20091,2007,BU / ACRE,27,KS,JOHNSON
20107,2007,BU / ACRE,17,KS,LINN
20111,2007,BU / ACRE,17,KS,LYON
20121,2007,BU / ACRE,16,KS,MIAMI
20127,2007,BU / ACRE,17,KS,MORRIS
20139,2007,BU / ACRE,23,KS,OSAGE
20177,2007,BU / ACRE,23,KS,SHAWNEE
20197,2007,BU / ACRE,18,KS,WABAUNSEE
20001,2007,BU / ACRE,11,KS,ALLEN
20011,2007,BU / ACRE,22,KS,BOURBON
20015,2007,BU / ACRE,19,KS,BUTLER
20019,2007,BU / ACRE,10,KS,CHAUTAUQUA
20021,2007,BU / ACRE,13,KS,CHEROKEE
20035,2007,BU / ACRE,14,KS,COWLEY
20037,2007,BU / ACRE,18,KS,CRAWFORD
20049,2007,BU / ACRE,13,KS,ELK
20073,2007,BU / ACRE,17,KS,GREENWOOD
20099,2007,BU / ACRE,10,KS,LABETTE
20125,2007,BU / ACRE,13,KS,MONTGOMERY
20133,2007,BU / ACRE,11,KS,NEOSHO
20205,2007,BU / ACRE,15,KS,WILSON
20207,2007,BU / ACRE,10,KS,WOODSON
21007,2007,BU / ACRE,45,KY,BALLARD
21035,2007,BU / ACRE,36,KY,CALLOWAY
21039,2007,BU / ACRE,47,KY,CARLISLE
21075,2007,BU / ACRE,45,KY,FULTON
21083,2007,BU / ACRE,40,KY,GRAVES
21105,2007,BU / ACRE,44,KY,HICKMAN
21221,2007,BU / ACRE,53,KY,TRIGG
21033,2007,BU / ACRE,53,KY,CALDWELL
21047,2007,BU / ACRE,50,KY,CHRISTIAN
21055,2007,BU / ACRE,49,KY,CRITTENDEN
21059,2007,BU / ACRE,61,KY,DAVIESS
21101,2007,BU / ACRE,50,KY,HENDERSON
21107,2007,BU / ACRE,54,KY,HOPKINS
21141,2007,BU / ACRE,51,KY,LOGAN
21149,2007,BU / ACRE,58,KY,MCLEAN
21177,2007,BU / ACRE,49,KY,MUHLENBERG
21213,2007,BU / ACRE,42,KY,SIMPSON
21219,2007,BU / ACRE,47,KY,TODD
21225,2007,BU / ACRE,53,KY,UNION
21001,2007,BU / ACRE,52,KY,ADAIR
21003,2007,BU / ACRE,53,KY,ALLEN
21093,2007,BU / ACRE,52,KY,HARDIN
21123,2007,BU / ACRE,55,KY,LARUE
21163,2007,BU / ACRE,61,KY,MEADE
21179,2007,BU / ACRE,51,KY,NELSON
21227,2007,BU / ACRE,45,KY,WARREN
21185,2007,BU / ACRE,65,KY,OLDHAM
21017,2007,BU / ACRE,56,KY,BOURBON
21137,2007,BU / ACRE,48,KY,LINCOLN
21161,2007,BU / ACRE,50,KY,MASON
21211,2007,BU / ACRE,53,KY,SHELBY
21199,2007,BU / ACRE,50,KY,PULASKI
21231,2007,BU / ACRE,58,KY,WAYNE
22015,2007,BU / ACRE,41.4,LA,BOSSIER
22081,2007,BU / ACRE,50,LA,RED RIVER
22021,2007,BU / ACRE,44.1,LA,CALDWELL
22073,2007,BU / ACRE,48.5,LA,OUACHITA
22035,2007,BU / ACRE,57.5,LA,EAST CARROLL
22041,2007,BU / ACRE,56.5,LA,FRANKLIN
22065,2007,BU / ACRE,50,LA,MADISON
22067,2007,BU / ACRE,56.5,LA,MOREHOUSE
22083,2007,BU / ACRE,54.5,LA,RICHLAND
22107,2007,BU / ACRE,54.9,LA,TENSAS
22123,2007,BU / ACRE,55.4,LA,WEST CARROLL
22069,2007,BU / ACRE,55.6,LA,NATCHITOCHES
22009,2007,BU / ACRE,57.4,LA,AVOYELLES
22025,2007,BU / ACRE,53.9,LA,CATAHOULA
22029,2007,BU / ACRE,50.4,LA,CONCORDIA
22039,2007,BU / ACRE,56.5,LA,EVANGELINE
22043,2007,BU / ACRE,44.1,LA,GRANT
22077,2007,BU / ACRE,57.5,LA,POINTE COUPEE
22079,2007,BU / ACRE,51.9,LA,RAPIDES
22097,2007,BU / ACRE,57,LA,SAINT LANDRY
22121,2007,BU / ACRE,50,LA,WEST BATON ROUGE
22001,2007,BU / ACRE,52,LA,ACADIA
22011,2007,BU / ACRE,38.9,LA,BEAUREGARD
22053,2007,BU / ACRE,40.6,LA,JEFFERSON DAVIS
22047,2007,BU / ACRE,51.4,LA,IBERVILLE
22055,2007,BU / ACRE,53.8,LA,LAFAYETTE
22099,2007,BU / ACRE,48.5,LA,SAINT MARTIN
24005,2007,BU / ACRE,49.2,MD,BALTIMORE
24013,2007,BU / ACRE,70.4,MD,CARROLL
24021,2007,BU / ACRE,78.1,MD,FREDERICK
24025,2007,BU / ACRE,71.3,MD,HARFORD
24027,2007,BU / ACRE,71.3,MD,HOWARD
24031,2007,BU / ACRE,74,MD,MONTGOMERY
24043,2007,BU / ACRE,68.8,MD,WASHINGTON
24011,2007,BU / ACRE,66.7,MD,CAROLINE
24015,2007,BU / ACRE,80,MD,CECIL
24029,2007,BU / ACRE,71.4,MD,KENT
24035,2007,BU / ACRE,67.3,MD,QUEEN ANNES
24041,2007,BU / ACRE,54.5,MD,TALBOT
24019,2007,BU / ACRE,50,MD,DORCHESTER
24039,2007,BU / ACRE,78.6,MD,SOMERSET
24045,2007,BU / ACRE,61.9,MD,WICOMICO
24047,2007,BU / ACRE,50,MD,WORCESTER
26055,2007,BU / ACRE,36,MI,GRAND TRAVERSE
26113,2007,BU / ACRE,57,MI,MISSAUKEE
26001,2007,BU / ACRE,64,MI,ALCONA
26007,2007,BU / ACRE,45,MI,ALPENA
26069,2007,BU / ACRE,66,MI,IOSCO
26119,2007,BU / ACRE,54,MI,MONTMORENCY
26129,2007,BU / ACRE,74,MI,OGEMAW
26137,2007,BU / ACRE,50,MI,OTSEGO
26141,2007,BU / ACRE,52,MI,PRESQUE ISLE
26105,2007,BU / ACRE,43,MI,MASON
26121,2007,BU / ACRE,48,MI,MUSKEGON
26123,2007,BU / ACRE,43,MI,NEWAYGO
26127,2007,BU / ACRE,43,MI,OCEANA
26035,2007,BU / ACRE,53,MI,CLARE
26051,2007,BU / ACRE,69,MI,GLADWIN
26057,2007,BU / ACRE,67,MI,GRATIOT
26073,2007,BU / ACRE,58,MI,ISABELLA
26107,2007,BU / ACRE,43,MI,MECOSTA
26111,2007,BU / ACRE,72,MI,MIDLAND
26117,2007,BU / ACRE,52,MI,MONTCALM
26133,2007,BU / ACRE,50,MI,OSCEOLA
26011,2007,BU / ACRE,73,MI,ARENAC
26017,2007,BU / ACRE,72,MI,BAY
26063,2007,BU / ACRE,80,MI,HURON
26145,2007,BU / ACRE,70,MI,SAGINAW
26151,2007,BU / ACRE,75,MI,SANILAC
26157,2007,BU / ACRE,69,MI,TUSCOLA
26005,2007,BU / ACRE,48,MI,ALLEGAN
26021,2007,BU / ACRE,51,MI,BERRIEN
26027,2007,BU / ACRE,50,MI,CASS
26077,2007,BU / ACRE,50,MI,KALAMAZOO
26081,2007,BU / ACRE,51,MI,KENT
26139,2007,BU / ACRE,47,MI,OTTAWA
26159,2007,BU / ACRE,45,MI,VAN BUREN
26015,2007,BU / ACRE,57,MI,BARRY
26023,2007,BU / ACRE,49,MI,BRANCH
26025,2007,BU / ACRE,49,MI,CALHOUN
26037,2007,BU / ACRE,63,MI,CLINTON
26045,2007,BU / ACRE,64,MI,EATON
26059,2007,BU / ACRE,54,MI,HILLSDALE
26065,2007,BU / ACRE,66,MI,INGHAM
26067,2007,BU / ACRE,62,MI,IONIA
26075,2007,BU / ACRE,51,MI,JACKSON
26149,2007,BU / ACRE,54,MI,ST JOSEPH
26155,2007,BU / ACRE,62,MI,SHIAWASSEE
26049,2007,BU / ACRE,57,MI,GENESEE
26087,2007,BU / ACRE,57,MI,LAPEER
26091,2007,BU / ACRE,73,MI,LENAWEE
26093,2007,BU / ACRE,55,MI,LIVINGSTON
26099,2007,BU / ACRE,57,MI,MACOMB
26115,2007,BU / ACRE,71,MI,MONROE
26147,2007,BU / ACRE,66,MI,ST CLAIR
26161,2007,BU / ACRE,59,MI,WASHTENAW
27029,2007,BU / ACRE,43.8,MN,CLEARWATER
27069,2007,BU / ACRE,51.6,MN,KITTSON
27089,2007,BU / ACRE,49.9,MN,MARSHALL
27107,2007,BU / ACRE,47,MN,NORMAN
27113,2007,BU / ACRE,50,MN,PENNINGTON
27135,2007,BU / ACRE,45.9,MN,ROSEAU
27077,2007,BU / ACRE,42.3,MN,LAKE OF THE WOODS
27073,2007,BU / ACRE,44.3,MN,LAC QUI PARLE
27111,2007,BU / ACRE,39.1,MN,OTTER TAIL
27173,2007,BU / ACRE,54.6,MN,YELLOW MEDICINE
27009,2007,BU / ACRE,31.6,MN,BENTON
27019,2007,BU / ACRE,48.1,MN,CARVER
27085,2007,BU / ACRE,51.8,MN,MCLEOD
27143,2007,BU / ACRE,54.7,MN,SIBLEY
27145,2007,BU / ACRE,33.4,MN,STEARNS
27153,2007,BU / ACRE,33.3,MN,TODD
27059,2007,BU / ACRE,28.9,MN,ISANTI
27117,2007,BU / ACRE,48.3,MN,PIPESTONE
27079,2007,BU / ACRE,53.3,MN,LE SUEUR
28011,2007,BU / ACRE,59.6,MS,BOLIVAR
28027,2007,BU / ACRE,52.7,MS,COAHOMA
28119,2007,BU / ACRE,49.2,MS,QUITMAN
28135,2007,BU / ACRE,52.8,MS,TALLAHATCHIE
28143,2007,BU / ACRE,58,MS,TUNICA
28033,2007,BU / ACRE,50.3,MS,DE SOTO
28093,2007,BU / ACRE,39.5,MS,MARSHALL
28107,2007,BU / ACRE,62.5,MS,PANOLA
28137,2007,BU / ACRE,51.8,MS,TATE
28115,2007,BU / ACRE,35.2,MS,PONTOTOC
28139,2007,BU / ACRE,32,MS,TIPPAH
28053,2007,BU / ACRE,60.1,MS,HUMPHREYS
28055,2007,BU / ACRE,59.6,MS,ISSAQUENA
28083,2007,BU / ACRE,57,MS,LEFLORE
28125,2007,BU / ACRE,69.5,MS,SHARKEY
28133,2007,BU / ACRE,57,MS,SUNFLOWER
28151,2007,BU / ACRE,64.5,MS,WASHINGTON
28163,2007,BU / ACRE,70.9,MS,YAZOO
28015,2007,BU / ACRE,57.2,MS,CARROLL
28051,2007,BU / ACRE,58.8,MS,HOLMES
28089,2007,BU / ACRE,49,MS,MADISON
28017,2007,BU / ACRE,42.1,MS,CHICKASAW
28087,2007,BU / ACRE,59.2,MS,LOWNDES
28095,2007,BU / ACRE,53.9,MS,MONROE
28103,2007,BU / ACRE,49.1,MS,NOXUBEE
29003,2007,BU / ACRE,40.3,MO,ANDREW
29005,2007,BU / ACRE,44,MO,ATCHISON
29021,2007,BU / ACRE,39.1,MO,BUCHANAN
29025,2007,BU / ACRE,43.4,MO,CALDWELL
29047,2007,BU / ACRE,26.9,MO,CLAY
29049,2007,BU / ACRE,37.4,MO,CLINTON
29061,2007,BU / ACRE,42.6,MO,DAVIESS
29063,2007,BU / ACRE,41.8,MO,DE KALB
29075,2007,BU / ACRE,51.9,MO,GENTRY
29081,2007,BU / ACRE,39.2,MO,HARRISON
29087,2007,BU / ACRE,46.4,MO,HOLT
29147,2007,BU / ACRE,40.8,MO,NODAWAY
29165,2007,BU / ACRE,27.4,MO,PLATTE
29177,2007,BU / ACRE,41.8,MO,RAY
29227,2007,BU / ACRE,36.9,MO,WORTH
29001,2007,BU / ACRE,40.4,MO,ADAIR
29033,2007,BU / ACRE,45.4,MO,CARROLL
29041,2007,BU / ACRE,50.6,MO,CHARITON
29079,2007,BU / ACRE,49.5,MO,GRUNDY
29115,2007,BU / ACRE,51.4,MO,LINN
29117,2007,BU / ACRE,51.9,MO,LIVINGSTON
29121,2007,BU / ACRE,54.5,MO,MACON
29175,2007,BU / ACRE,47.3,MO,RANDOLPH
29197,2007,BU / ACRE,39.7,MO,SCHUYLER
29211,2007,BU / ACRE,50.6,MO,SULLIVAN
29007,2007,BU / ACRE,54.6,MO,AUDRAIN
29045,2007,BU / ACRE,62.5,MO,CLARK
29103,2007,BU / ACRE,58.2,MO,KNOX
29111,2007,BU / ACRE,58.9,MO,LEWIS
29127,2007,BU / ACRE,63.4,MO,MARION
29137,2007,BU / ACRE,59.2,MO,MONROE
29163,2007,BU / ACRE,52.4,MO,PIKE
29173,2007,BU / ACRE,58.5,MO,RALLS
29199,2007,BU / ACRE,54,MO,SCOTLAND
29205,2007,BU / ACRE,61.4,MO,SHELBY
29013,2007,BU / ACRE,38.1,MO,BATES
29037,2007,BU / ACRE,44.9,MO,CASS
29039,2007,BU / ACRE,35.4,MO,CEDAR
29083,2007,BU / ACRE,40.6,MO,HENRY
29095,2007,BU / ACRE,50.6,MO,JACKSON
29101,2007,BU / ACRE,47.5,MO,JOHNSON
29107,2007,BU / ACRE,46.2,MO,LAFAYETTE
29185,2007,BU / ACRE,36.1,MO,ST CLAIR
29217,2007,BU / ACRE,28.3,MO,VERNON
29015,2007,BU / ACRE,46.6,MO,BENTON
29019,2007,BU / ACRE,47.3,MO,BOONE
29027,2007,BU / ACRE,43.9,MO,CALLAWAY
29051,2007,BU / ACRE,39.2,MO,COLE
29053,2007,BU / ACRE,52.6,MO,COOPER
29089,2007,BU / ACRE,44.1,MO,HOWARD
29125,2007,BU / ACRE,27.7,MO,MARIES
29131,2007,BU / ACRE,34.5,MO,MILLER
29135,2007,BU / ACRE,50.8,MO,MONITEAU
29141,2007,BU / ACRE,55.4,MO,MORGAN
29151,2007,BU / ACRE,39.1,MO,OSAGE
29159,2007,BU / ACRE,45.1,MO,PETTIS
29195,2007,BU / ACRE,47,MO,SALINE
29071,2007,BU / ACRE,37.8,MO,FRANKLIN
29073,2007,BU / ACRE,34.7,MO,GASCONADE
29099,2007,BU / ACRE,38.4,MO,JEFFERSON
29113,2007,BU / ACRE,52.1,MO,LINCOLN
29139,2007,BU / ACRE,48,MO,MONTGOMERY
29157,2007,BU / ACRE,42.1,MO,PERRY
29183,2007,BU / ACRE,45.4,MO,ST CHARLES
29186,2007,BU / ACRE,41.4,MO,STE GENEVIEVE
29219,2007,BU / ACRE,43,MO,WARREN
29009,2007,BU / ACRE,27.3,MO,BARRY
29011,2007,BU / ACRE,27.5,MO,BARTON
29057,2007,BU / ACRE,30.8,MO,DADE
29077,2007,BU / ACRE,33.2,MO,GREENE
29097,2007,BU / ACRE,26.3,MO,JASPER
29109,2007,BU / ACRE,34.2,MO,LAWRENCE
29145,2007,BU / ACRE,27.7,MO,NEWTON
29017,2007,BU / ACRE,28,MO,BOLLINGER
29181,2007,BU / ACRE,37.6,MO,RIPLEY
29225,2007,BU / ACRE,18.6,MO,WEBSTER
29023,2007,BU / ACRE,42.4,MO,BUTLER
29031,2007,BU / ACRE,34.4,MO,CAPE GIRARDEAU
29069,2007,BU / ACRE,40.7,MO,DUNKLIN
29133,2007,BU / ACRE,45.7,MO,MISSISSIPPI
29143,2007,BU / ACRE,46.9,MO,NEW MADRID
29155,2007,BU / ACRE,44.6,MO,PEMISCOT
29201,2007,BU / ACRE,35.1,MO,SCOTT
29207,2007,BU / ACRE,42.6,MO,STODDARD
30029,2007,BU / ACRE,61.6,MT,FLATHEAD
30047,2007,BU / ACRE,58.1,MT,LAKE
30063,2007,BU / ACRE,45,MT,MISSOULA
30081,2007,BU / ACRE,24.7,MT,RAVALLI
30089,2007,BU / ACRE,36,MT,SANDERS
30005,2007,BU / ACRE,26.6,MT,BLAINE
30015,2007,BU / ACRE,45.8,MT,CHOUTEAU
30035,2007,BU / ACRE,14.8,MT,GLACIER
30041,2007,BU / ACRE,30.4,MT,HILL
30051,2007,BU / ACRE,24.2,MT,LIBERTY
30071,2007,BU / ACRE,25.6,MT,PHILLIPS
30073,2007,BU / ACRE,31.9,MT,PONDERA
30099,2007,BU / ACRE,37.1,MT,TETON
30101,2007,BU / ACRE,19.2,MT,TOOLE
30019,2007,BU / ACRE,20.9,MT,DANIELS
30021,2007,BU / ACRE,25.5,MT,DAWSON
30033,2007,BU / ACRE,26.1,MT,GARFIELD
30055,2007,BU / ACRE,24.6,MT,MCCONE
30083,2007,BU / ACRE,26,MT,RICHLAND
30085,2007,BU / ACRE,26,MT,ROOSEVELT
30091,2007,BU / ACRE,24.1,MT,SHERIDAN
30105,2007,BU / ACRE,19.9,MT,VALLEY
30007,2007,BU / ACRE,37,MT,BROADWATER
30013,2007,BU / ACRE,41.9,MT,CASCADE
30027,2007,BU / ACRE,38.9,MT,FERGUS
30037,2007,BU / ACRE,27.8,MT,GOLDEN VALLEY
30045,2007,BU / ACRE,35.7,MT,JUDITH BASIN
30049,2007,BU / ACRE,37.6,MT,LEWIS AND CLARK
30059,2007,BU / ACRE,25,MT,MEAGHER
30065,2007,BU / ACRE,24.8,MT,MUSSELSHELL
30069,2007,BU / ACRE,28.9,MT,PETROLEUM
30107,2007,BU / ACRE,24.8,MT,WHEATLAND
30001,2007,BU / ACRE,80,MT,BEAVERHEAD
30031,2007,BU / ACRE,50.8,MT,GALLATIN
30043,2007,BU / ACRE,28.2,MT,JEFFERSON
30057,2007,BU / ACRE,58.8,MT,MADISON
30003,2007,BU / ACRE,38.3,MT,BIG HORN
30009,2007,BU / ACRE,28.3,MT,CARBON
30067,2007,BU / ACRE,29.9,MT,PARK
30095,2007,BU / ACRE,25.9,MT,STILLWATER
30097,2007,BU / ACRE,27.4,MT,SWEET GRASS
30103,2007,BU / ACRE,53.4,MT,TREASURE
30111,2007,BU / ACRE,29.3,MT,YELLOWSTONE
30011,2007,BU / ACRE,31,MT,CARTER
30017,2007,BU / ACRE,26.2,MT,CUSTER
30025,2007,BU / ACRE,24.8,MT,FALLON
30075,2007,BU / ACRE,31.9,MT,POWDER RIVER
30079,2007,BU / ACRE,27.2,MT,PRAIRIE
30087,2007,BU / ACRE,25.9,MT,ROSEBUD
30109,2007,BU / ACRE,25.4,MT,WIBAUX
31007,2007,BU / ACRE,29.6,NE,BANNER
31013,2007,BU / ACRE,37.5,NE,BOX BUTTE
31033,2007,BU / ACRE,44.1,NE,CHEYENNE
31045,2007,BU / ACRE,33.2,NE,DAWES
31049,2007,BU / ACRE,44.7,NE,DEUEL
31069,2007,BU / ACRE,47.9,NE,GARDEN
31105,2007,BU / ACRE,24.2,NE,KIMBALL
31123,2007,BU / ACRE,49.5,NE,MORRILL
31157,2007,BU / ACRE,36.5,NE,SCOTTS BLUFF
31161,2007,BU / ACRE,34.6,NE,SHERIDAN
31165,2007,BU / ACRE,25.7,NE,SIOUX
31009,2007,BU / ACRE,56,NE,BLAINE
31015,2007,BU / ACRE,43.4,NE,BOYD
31017,2007,BU / ACRE,59.3,NE,BROWN
31031,2007,BU / ACRE,47,NE,CHERRY
31089,2007,BU / ACRE,53.7,NE,HOLT
31103,2007,BU / ACRE,34.6,NE,KEYA PAHA
31113,2007,BU / ACRE,43.4,NE,LOGAN
31149,2007,BU / ACRE,48.5,NE,ROCK
31183,2007,BU / ACRE,53.8,NE,WHEELER
31003,2007,BU / ACRE,40.6,NE,ANTELOPE
31011,2007,BU / ACRE,43.1,NE,BOONE
31027,2007,BU / ACRE,49.6,NE,CEDAR
31039,2007,BU / ACRE,44.5,NE,CUMING
31107,2007,BU / ACRE,53.6,NE,KNOX
31119,2007,BU / ACRE,43.6,NE,MADISON
31139,2007,BU / ACRE,43.9,NE,PIERCE
31167,2007,BU / ACRE,46,NE,STANTON
31179,2007,BU / ACRE,52,NE,WAYNE
31019,2007,BU / ACRE,42.5,NE,BUFFALO
31041,2007,BU / ACRE,39.1,NE,CUSTER
31047,2007,BU / ACRE,39.2,NE,DAWSON
31077,2007,BU / ACRE,49,NE,GREELEY
31079,2007,BU / ACRE,40.5,NE,HALL
31093,2007,BU / ACRE,39.7,NE,HOWARD
31163,2007,BU / ACRE,47,NE,SHERMAN
31175,2007,BU / ACRE,39.1,NE,VALLEY
31023,2007,BU / ACRE,38.9,NE,BUTLER
31025,2007,BU / ACRE,48,NE,CASS
31037,2007,BU / ACRE,52.9,NE,COLFAX
31053,2007,BU / ACRE,44.7,NE,DODGE
31055,2007,BU / ACRE,38.7,NE,DOUGLAS
31081,2007,BU / ACRE,47.8,NE,HAMILTON
31109,2007,BU / ACRE,39.3,NE,LANCASTER
31121,2007,BU / ACRE,38.4,NE,MERRICK
31125,2007,BU / ACRE,49.5,NE,NANCE
31141,2007,BU / ACRE,46,NE,PLATTE
31143,2007,BU / ACRE,33.3,NE,POLK
31153,2007,BU / ACRE,43.8,NE,SARPY
31155,2007,BU / ACRE,44.2,NE,SAUNDERS
31159,2007,BU / ACRE,38.2,NE,SEWARD
31177,2007,BU / ACRE,42.3,NE,WASHINGTON
31185,2007,BU / ACRE,42.6,NE,YORK
31029,2007,BU / ACRE,55,NE,CHASE
31057,2007,BU / ACRE,53.8,NE,DUNDY
31063,2007,BU / ACRE,50,NE,FRONTIER
31085,2007,BU / ACRE,48.5,NE,HAYES
31087,2007,BU / ACRE,46.5,NE,HITCHCOCK
31101,2007,BU / ACRE,56.2,NE,KEITH
31111,2007,BU / ACRE,47.7,NE,LINCOLN
31135,2007,BU / ACRE,46.7,NE,PERKINS
31145,2007,BU / ACRE,54.9,NE,RED WILLOW
31001,2007,BU / ACRE,48,NE,ADAMS
31061,2007,BU / ACRE,43,NE,FRANKLIN
31065,2007,BU / ACRE,50.1,NE,FURNAS
31073,2007,BU / ACRE,53.6,NE,GOSPER
31083,2007,BU / ACRE,48.6,NE,HARLAN
31099,2007,BU / ACRE,47.1,NE,KEARNEY
31137,2007,BU / ACRE,49.1,NE,PHELPS
31181,2007,BU / ACRE,37.2,NE,WEBSTER
31035,2007,BU / ACRE,42.9,NE,CLAY
31059,2007,BU / ACRE,42.8,NE,FILLMORE
31067,2007,BU / ACRE,29.2,NE,GAGE
31095,2007,BU / ACRE,32.3,NE,JEFFERSON
31097,2007,BU / ACRE,40,NE,JOHNSON
31127,2007,BU / ACRE,40.1,NE,NEMAHA
31129,2007,BU / ACRE,37.2,NE,NUCKOLLS
31131,2007,BU / ACRE,40,NE,OTOE
31133,2007,BU / ACRE,34,NE,PAWNEE
31147,2007,BU / ACRE,36,NE,RICHARDSON
31151,2007,BU / ACRE,36.4,NE,SALINE
31169,2007,BU / ACRE,36.8,NE,THAYER
32001,2007,BU / ACRE,97,NV,CHURCHILL
32005,2007,BU / ACRE,80,NV,DOUGLAS
32013,2007,BU / ACRE,101,NV,HUMBOLDT
32019,2007,BU / ACRE,83,NV,LYON
32027,2007,BU / ACRE,101,NV,PERSHING
32031,2007,BU / ACRE,90,NV,WASHOE
34019,2007,BU / ACRE,56,NJ,HUNTERDON
34035,2007,BU / ACRE,44,NJ,SOMERSET
34041,2007,BU / ACRE,57,NJ,WARREN
34005,2007,BU / ACRE,55,NJ,BURLINGTON
34025,2007,BU / ACRE,57,NJ,MONMOUTH
34011,2007,BU / ACRE,48,NJ,CUMBERLAND
34015,2007,BU / ACRE,48,NJ,GLOUCESTER
34033,2007,BU / ACRE,51,NJ,SALEM
35009,2007,BU / ACRE,26.1,NM,CURRY
35037,2007,BU / ACRE,19.2,NM,QUAY
35041,2007,BU / ACRE,22.3,NM,ROOSEVELT
35059,2007,BU / ACRE,55,NM,UNION
36029,2007,BU / ACRE,42,NY,ERIE
36037,2007,BU / ACRE,53,NY,GENESEE
36051,2007,BU / ACRE,53,NY,LIVINGSTON
36055,2007,BU / ACRE,52,NY,MONROE
36063,2007,BU / ACRE,49,NY,NIAGARA
36069,2007,BU / ACRE,52,NY,ONTARIO
36073,2007,BU / ACRE,50,NY,ORLEANS
36099,2007,BU / ACRE,47,NY,SENECA
36117,2007,BU / ACRE,54,NY,WAYNE
36121,2007,BU / ACRE,60,NY,WYOMING
36123,2007,BU / ACRE,58,NY,YATES
36011,2007,BU / ACRE,60,NY,CAYUGA
36053,2007,BU / ACRE,54,NY,MADISON
36065,2007,BU / ACRE,63,NY,ONEIDA
36067,2007,BU / ACRE,62,NY,ONONDAGA
36101,2007,BU / ACRE,44,NY,STEUBEN
36109,2007,BU / ACRE,46,NY,TOMPKINS
37027,2007,BU / ACRE,35,NC,CALDWELL
37171,2007,BU / ACRE,55,NC,SURRY
37193,2007,BU / ACRE,30,NC,WILKES
37197,2007,BU / ACRE,44,NC,YADKIN
37023,2007,BU / ACRE,27,NC,BURKE
37087,2007,BU / ACRE,0,NC,HAYWOOD
37001,2007,BU / ACRE,41,NC,ALAMANCE
37033,2007,BU / ACRE,42,NC,CASWELL
37063,2007,BU / ACRE,60,NC,DURHAM
37067,2007,BU / ACRE,30,NC,FORSYTH
37069,2007,BU / ACRE,43,NC,FRANKLIN
37077,2007,BU / ACRE,33,NC,GRANVILLE
37081,2007,BU / ACRE,46,NC,GUILFORD
37135,2007,BU / ACRE,55,NC,ORANGE
37145,2007,BU / ACRE,36,NC,PERSON
37157,2007,BU / ACRE,42,NC,ROCKINGHAM
37169,2007,BU / ACRE,43,NC,STOKES
37181,2007,BU / ACRE,46,NC,VANCE
37185,2007,BU / ACRE,46,NC,WARREN
37003,2007,BU / ACRE,31,NC,ALEXANDER
37035,2007,BU / ACRE,38,NC,CATAWBA
37037,2007,BU / ACRE,46,NC,CHATHAM
37057,2007,BU / ACRE,44,NC,DAVIDSON
37059,2007,BU / ACRE,36,NC,DAVIE
37097,2007,BU / ACRE,42,NC,IREDELL
37105,2007,BU / ACRE,42,NC,LEE
37151,2007,BU / ACRE,46,NC,RANDOLPH
37159,2007,BU / ACRE,45,NC,ROWAN
37183,2007,BU / ACRE,30,NC,WAKE
37007,2007,BU / ACRE,35,NC,ANSON
37025,2007,BU / ACRE,28,NC,CABARRUS
37045,2007,BU / ACRE,27,NC,CLEVELAND
37109,2007,BU / ACRE,31,NC,LINCOLN
37119,2007,BU / ACRE,41,NC,MECKLENBURG
37125,2007,BU / ACRE,15,NC,MOORE
37167,2007,BU / ACRE,43,NC,STANLY
37179,2007,BU / ACRE,38,NC,UNION
37015,2007,BU / ACRE,44,NC,BERTIE
37029,2007,BU / ACRE,54,NC,CAMDEN
37041,2007,BU / ACRE,58,NC,CHOWAN
37053,2007,BU / ACRE,65,NC,CURRITUCK
37065,2007,BU / ACRE,37,NC,EDGECOMBE
37073,2007,BU / ACRE,56,NC,GATES
37083,2007,BU / ACRE,33,NC,HALIFAX
37117,2007,BU / ACRE,46,NC,MARTIN
37127,2007,BU / ACRE,48,NC,NASH
37131,2007,BU / ACRE,50,NC,NORTHAMPTON
37139,2007,BU / ACRE,46,NC,PASQUOTANK
37143,2007,BU / ACRE,64,NC,PERQUIMANS
37177,2007,BU / ACRE,62,NC,TYRRELL
37187,2007,BU / ACRE,47,NC,WASHINGTON
37013,2007,BU / ACRE,46,NC,BEAUFORT
37031,2007,BU / ACRE,46,NC,CARTERET
37049,2007,BU / ACRE,46,NC,CRAVEN
37079,2007,BU / ACRE,47,NC,GREENE
37095,2007,BU / ACRE,55,NC,HYDE
37101,2007,BU / ACRE,44,NC,JOHNSTON
37103,2007,BU / ACRE,35,NC,JONES
37107,2007,BU / ACRE,27,NC,LENOIR
37137,2007,BU / ACRE,48,NC,PAMLICO
37147,2007,BU / ACRE,41,NC,PITT
37191,2007,BU / ACRE,30,NC,WAYNE
37195,2007,BU / ACRE,40,NC,WILSON
37017,2007,BU / ACRE,23,NC,BLADEN
37019,2007,BU / ACRE,25,NC,BRUNSWICK
37047,2007,BU / ACRE,25,NC,COLUMBUS
37051,2007,BU / ACRE,28,NC,CUMBERLAND
37061,2007,BU / ACRE,24,NC,DUPLIN
37085,2007,BU / ACRE,33,NC,HARNETT
37093,2007,BU / ACRE,36,NC,HOKE
37133,2007,BU / ACRE,41,NC,ONSLOW
37141,2007,BU / ACRE,29,NC,PENDER
37155,2007,BU / ACRE,25,NC,ROBESON
37163,2007,BU / ACRE,26,NC,SAMPSON
37165,2007,BU / ACRE,39,NC,SCOTLAND
38013,2007,BU / ACRE,30.9,ND,BURKE
38023,2007,BU / ACRE,28.6,ND,DIVIDE
38061,2007,BU / ACRE,28.2,ND,MOUNTRAIL
38075,2007,BU / ACRE,40,ND,RENVILLE
38101,2007,BU / ACRE,36.3,ND,WARD
38105,2007,BU / ACRE,26.9,ND,WILLIAMS
38005,2007,BU / ACRE,38.7,ND,BENSON
38009,2007,BU / ACRE,40.5,ND,BOTTINEAU
38049,2007,BU / ACRE,32.3,ND,MCHENRY
38069,2007,BU / ACRE,35,ND,PIERCE
38079,2007,BU / ACRE,39.8,ND,ROLETTE
38019,2007,BU / ACRE,43,ND,CAVALIER
38067,2007,BU / ACRE,49.2,ND,PEMBINA
38071,2007,BU / ACRE,40,ND,RAMSEY
38095,2007,BU / ACRE,39.8,ND,TOWNER
38099,2007,BU / ACRE,46.3,ND,WALSH
38025,2007,BU / ACRE,26.3,ND,DUNN
38053,2007,BU / ACRE,24.7,ND,MCKENZIE
38055,2007,BU / ACRE,33.9,ND,MCLEAN
38057,2007,BU / ACRE,31.8,ND,MERCER
38065,2007,BU / ACRE,32.6,ND,OLIVER
38027,2007,BU / ACRE,38.1,ND,EDDY
38083,2007,BU / ACRE,32,ND,SHERIDAN
38093,2007,BU / ACRE,37.2,ND,STUTSMAN
38103,2007,BU / ACRE,41.9,ND,WELLS
38003,2007,BU / ACRE,41.4,ND,BARNES
38017,2007,BU / ACRE,35.5,ND,CASS
38097,2007,BU / ACRE,47.3,ND,TRAILL
38001,2007,BU / ACRE,30,ND,ADAMS
38007,2007,BU / ACRE,26.2,ND,BILLINGS
38011,2007,BU / ACRE,28.8,ND,BOWMAN
38033,2007,BU / ACRE,32,ND,GOLDEN VALLEY
38041,2007,BU / ACRE,34.5,ND,HETTINGER
38087,2007,BU / ACRE,29,ND,SLOPE
38089,2007,BU / ACRE,30.5,ND,STARK
38015,2007,BU / ACRE,32,ND,BURLEIGH
38037,2007,BU / ACRE,26.5,ND,GRANT
38059,2007,BU / ACRE,27.8,ND,MORTON
38021,2007,BU / ACRE,40,ND,DICKEY
38045,2007,BU / ACRE,32.9,ND,LA MOURE
38047,2007,BU / ACRE,34.8,ND,LOGAN
38073,2007,BU / ACRE,41.5,ND,RANSOM
38077,2007,BU / ACRE,34.1,ND,RICHLAND
39003,2007,BU / ACRE,54.9,OH,ALLEN
39039,2007,BU / ACRE,52.9,OH,DEFIANCE
39051,2007,BU / ACRE,70.1,OH,FULTON
39063,2007,BU / ACRE,64.4,OH,HANCOCK
39069,2007,BU / ACRE,72.2,OH,HENRY
39095,2007,BU / ACRE,71.6,OH,LUCAS
39125,2007,BU / ACRE,54.1,OH,PAULDING
39137,2007,BU / ACRE,60.3,OH,PUTNAM
39161,2007,BU / ACRE,56.3,OH,VAN WERT
39171,2007,BU / ACRE,61.8,OH,WILLIAMS
39173,2007,BU / ACRE,65.9,OH,WOOD
39005,2007,BU / ACRE,59.9,OH,ASHLAND
39033,2007,BU / ACRE,68.3,OH,CRAWFORD
39043,2007,BU / ACRE,69.1,OH,ERIE
39077,2007,BU / ACRE,66.1,OH,HURON
39093,2007,BU / ACRE,59.5,OH,LORAIN
39123,2007,BU / ACRE,64.7,OH,OTTAWA
39139,2007,BU / ACRE,61.1,OH,RICHLAND
39143,2007,BU / ACRE,61.7,OH,SANDUSKY
39147,2007,BU / ACRE,65.5,OH,SENECA
39175,2007,BU / ACRE,59.3,OH,WYANDOT
39007,2007,BU / ACRE,53.2,OH,ASHTABULA
39029,2007,BU / ACRE,57.3,OH,COLUMBIANA
39099,2007,BU / ACRE,46.2,OH,MAHONING
39103,2007,BU / ACRE,57.4,OH,MEDINA
39133,2007,BU / ACRE,52.8,OH,PORTAGE
39151,2007,BU / ACRE,58.2,OH,STARK
39155,2007,BU / ACRE,62.1,OH,TRUMBULL
39169,2007,BU / ACRE,62.1,OH,WAYNE
39011,2007,BU / ACRE,62,OH,AUGLAIZE
39021,2007,BU / ACRE,61.3,OH,CHAMPAIGN
39023,2007,BU / ACRE,65.1,OH,CLARK
39037,2007,BU / ACRE,61.8,OH,DARKE
39065,2007,BU / ACRE,54.8,OH,HARDIN
39091,2007,BU / ACRE,59.4,OH,LOGAN
39107,2007,BU / ACRE,60.5,OH,MERCER
39109,2007,BU / ACRE,53.6,OH,MIAMI
39149,2007,BU / ACRE,59.7,OH,SHELBY
39041,2007,BU / ACRE,61.3,OH,DELAWARE
39045,2007,BU / ACRE,56.5,OH,FAIRFIELD
39047,2007,BU / ACRE,55.6,OH,FAYETTE
39049,2007,BU / ACRE,52.4,OH,FRANKLIN
39083,2007,BU / ACRE,60.1,OH,KNOX
39089,2007,BU / ACRE,53.1,OH,LICKING
39097,2007,BU / ACRE,62.3,OH,MADISON
39101,2007,BU / ACRE,59,OH,MARION
39117,2007,BU / ACRE,59.2,OH,MORROW
39129,2007,BU / ACRE,62.2,OH,PICKAWAY
39141,2007,BU / ACRE,63,OH,ROSS
39159,2007,BU / ACRE,55.3,OH,UNION
39019,2007,BU / ACRE,49.3,OH,CARROLL
39031,2007,BU / ACRE,60.1,OH,COSHOCTON
39075,2007,BU / ACRE,58.9,OH,HOLMES
39157,2007,BU / ACRE,51.8,OH,TUSCARAWAS
39017,2007,BU / ACRE,56.7,OH,BUTLER
39027,2007,BU / ACRE,54.2,OH,CLINTON
39057,2007,BU / ACRE,47.4,OH,GREENE
39113,2007,BU / ACRE,65.3,OH,MONTGOMERY
39135,2007,BU / ACRE,56.3,OH,PREBLE
39165,2007,BU / ACRE,54.3,OH,WARREN
39001,2007,BU / ACRE,43.9,OH,ADAMS
39015,2007,BU / ACRE,44.4,OH,BROWN
39071,2007,BU / ACRE,48.2,OH,HIGHLAND
39119,2007,BU / ACRE,55.3,OH,MUSKINGUM
39127,2007,BU / ACRE,52.1,OH,PERRY
40007,2007,BU / ACRE,38.5,OK,BEAVER
40025,2007,BU / ACRE,38,OK,CIMARRON
40045,2007,BU / ACRE,24,OK,ELLIS
40059,2007,BU / ACRE,28,OK,HARPER
40139,2007,BU / ACRE,46,OK,TEXAS
40009,2007,BU / ACRE,24,OK,BECKHAM
40011,2007,BU / ACRE,24,OK,BLAINE
40039,2007,BU / ACRE,25,OK,CUSTER
40043,2007,BU / ACRE,23,OK,DEWEY
40129,2007,BU / ACRE,34,OK,ROGER MILLS
40149,2007,BU / ACRE,27.5,OK,WASHITA
40015,2007,BU / ACRE,25,OK,CADDO
40031,2007,BU / ACRE,26.5,OK,COMANCHE
40033,2007,BU / ACRE,26.5,OK,COTTON
40055,2007,BU / ACRE,24.3,OK,GREER
40057,2007,BU / ACRE,31.5,OK,HARMON
40065,2007,BU / ACRE,35.6,OK,JACKSON
40075,2007,BU / ACRE,30,OK,KIOWA
40141,2007,BU / ACRE,33,OK,TILLMAN
40003,2007,BU / ACRE,22,OK,ALFALFA
40047,2007,BU / ACRE,19.4,OK,GARFIELD
40053,2007,BU / ACRE,20,OK,GRANT
40071,2007,BU / ACRE,23.7,OK,KAY
40093,2007,BU / ACRE,24,OK,MAJOR
40103,2007,BU / ACRE,17.1,OK,NOBLE
40151,2007,BU / ACRE,24,OK,WOODS
40153,2007,BU / ACRE,28.5,OK,WOODWARD
40017,2007,BU / ACRE,26.7,OK,CANADIAN
40027,2007,BU / ACRE,24,OK,CLEVELAND
40037,2007,BU / ACRE,21,OK,CREEK
40051,2007,BU / ACRE,22.2,OK,GRADY
40073,2007,BU / ACRE,23.5,OK,KINGFISHER
40081,2007,BU / ACRE,15,OK,LINCOLN
40083,2007,BU / ACRE,18.1,OK,LOGAN
40087,2007,BU / ACRE,26,OK,MCCLAIN
40107,2007,BU / ACRE,20,OK,OKFUSKEE
40109,2007,BU / ACRE,20,OK,OKLAHOMA
40119,2007,BU / ACRE,20,OK,PAYNE
40125,2007,BU / ACRE,26,OK,POTTAWATOMIE
40133,2007,BU / ACRE,16,OK,SEMINOLE
40013,2007,BU / ACRE,28,OK,BRYAN
40019,2007,BU / ACRE,20,OK,CARTER
40049,2007,BU / ACRE,30,OK,GARVIN
40067,2007,BU / ACRE,27.5,OK,JEFFERSON
40069,2007,BU / ACRE,20,OK,JOHNSTON
40085,2007,BU / ACRE,20,OK,LOVE
40095,2007,BU / ACRE,40,OK,MARSHALL
40099,2007,BU / ACRE,20,OK,MURRAY
40123,2007,BU / ACRE,20,OK,PONTOTOC
40137,2007,BU / ACRE,30,OK,STEPHENS
40035,2007,BU / ACRE,20,OK,CRAIG
40041,2007,BU / ACRE,16,OK,DELAWARE
40097,2007,BU / ACRE,20,OK,MAYES
40105,2007,BU / ACRE,16,OK,NOWATA
40113,2007,BU / ACRE,17,OK,OSAGE
40115,2007,BU / ACRE,14.5,OK,OTTAWA
40117,2007,BU / ACRE,17.5,OK,PAWNEE
40131,2007,BU / ACRE,20,OK,ROGERS
40143,2007,BU / ACRE,28,OK,TULSA
40145,2007,BU / ACRE,20,OK,WAGONER
40147,2007,BU / ACRE,17.5,OK,WASHINGTON
40063,2007,BU / ACRE,25,OK,HUGHES
40101,2007,BU / ACRE,20,OK,MUSKOGEE
40111,2007,BU / ACRE,25,OK,OKMULGEE
40135,2007,BU / ACRE,20,OK,SEQUOYAH
40023,2007,BU / ACRE,30,OK,CHOCTAW
40079,2007,BU / ACRE,35,OK,LEFLORE
40089,2007,BU / ACRE,34,OK,MCCURTAIN
41003,2007,BU / ACRE,98.5,OR,BENTON
41005,2007,BU / ACRE,72,OR,CLACKAMAS
41039,2007,BU / ACRE,111,OR,LANE
41043,2007,BU / ACRE,93.5,OR,LINN
41047,2007,BU / ACRE,85,OR,MARION
41051,2007,BU / ACRE,77,OR,MULTNOMAH
41053,2007,BU / ACRE,99,OR,POLK
41067,2007,BU / ACRE,90,OR,WASHINGTON
41071,2007,BU / ACRE,82,OR,YAMHILL
41021,2007,BU / ACRE,41.5,OR,GILLIAM
41049,2007,BU / ACRE,38.5,OR,MORROW
41055,2007,BU / ACRE,47,OR,SHERMAN
41065,2007,BU / ACRE,46,OR,WASCO
41001,2007,BU / ACRE,85,OR,BAKER
41059,2007,BU / ACRE,53,OR,UMATILLA
41061,2007,BU / ACRE,75,OR,UNION
41063,2007,BU / ACRE,54,OR,WALLOWA
41013,2007,BU / ACRE,105,OR,CROOK
41017,2007,BU / ACRE,90,OR,DESCHUTES
41031,2007,BU / ACRE,109,OR,JEFFERSON
41035,2007,BU / ACRE,82,OR,KLAMATH
41045,2007,BU / ACRE,101,OR,MALHEUR
41069,2007,BU / ACRE,61,OR,WHEELER
42039,2007,BU / ACRE,50.9,PA,CRAWFORD
42049,2007,BU / ACRE,61.1,PA,ERIE
42085,2007,BU / ACRE,44.6,PA,MERCER
42035,2007,BU / ACRE,55.6,PA,CLINTON
42081,2007,BU / ACRE,53.4,PA,LYCOMING
42105,2007,BU / ACRE,55.1,PA,POTTER
42005,2007,BU / ACRE,37.2,PA,ARMSTRONG
42007,2007,BU / ACRE,46.7,PA,BEAVER
42019,2007,BU / ACRE,50.7,PA,BUTLER
42063,2007,BU / ACRE,53.2,PA,INDIANA
42073,2007,BU / ACRE,44.2,PA,LAWRENCE
42021,2007,BU / ACRE,47.1,PA,CAMBRIA
42027,2007,BU / ACRE,59.5,PA,CENTRE
42037,2007,BU / ACRE,61.8,PA,COLUMBIA
42043,2007,BU / ACRE,52.9,PA,DAUPHIN
42061,2007,BU / ACRE,54.8,PA,HUNTINGDON
42067,2007,BU / ACRE,46.5,PA,JUNIATA
42087,2007,BU / ACRE,57.3,PA,MIFFLIN
42093,2007,BU / ACRE,50.2,PA,MONTOUR
42097,2007,BU / ACRE,52.7,PA,NORTHUMBERLAND
42099,2007,BU / ACRE,54.4,PA,PERRY
42109,2007,BU / ACRE,57.6,PA,SNYDER
42119,2007,BU / ACRE,60.1,PA,UNION
42077,2007,BU / ACRE,63.2,PA,LEHIGH
42079,2007,BU / ACRE,46.7,PA,LUZERNE
42089,2007,BU / ACRE,55.3,PA,MONROE
42095,2007,BU / ACRE,62.7,PA,NORTHAMPTON
42107,2007,BU / ACRE,46.7,PA,SCHUYLKILL
42051,2007,BU / ACRE,51.2,PA,FAYETTE
42111,2007,BU / ACRE,46.3,PA,SOMERSET
42125,2007,BU / ACRE,0,PA,WASHINGTON
42129,2007,BU / ACRE,39,PA,WESTMORELAND
42001,2007,BU / ACRE,65.5,PA,ADAMS
42009,2007,BU / ACRE,60,PA,BEDFORD
42041,2007,BU / ACRE,57.8,PA,CUMBERLAND
42055,2007,BU / ACRE,58.3,PA,FRANKLIN
42057,2007,BU / ACRE,55.1,PA,FULTON
42133,2007,BU / ACRE,62.9,PA,YORK
42011,2007,BU / ACRE,56.3,PA,BERKS
42017,2007,BU / ACRE,46.5,PA,BUCKS
42029,2007,BU / ACRE,68.7,PA,CHESTER
42071,2007,BU / ACRE,66.1,PA,LANCASTER
42075,2007,BU / ACRE,60.9,PA,LEBANON
42091,2007,BU / ACRE,46.5,PA,MONTGOMERY
45007,2007,BU / ACRE,34,SC,ANDERSON
45073,2007,BU / ACRE,17,SC,OCONEE
45023,2007,BU / ACRE,28,SC,CHESTER
45055,2007,BU / ACRE,29,SC,KERSHAW
45091,2007,BU / ACRE,25,SC,YORK
45025,2007,BU / ACRE,43,SC,CHESTERFIELD
45031,2007,BU / ACRE,29,SC,DARLINGTON
45033,2007,BU / ACRE,20,SC,DILLON
45041,2007,BU / ACRE,29,SC,FLORENCE
45043,2007,BU / ACRE,41,SC,GEORGETOWN
45051,2007,BU / ACRE,20,SC,HORRY
45067,2007,BU / ACRE,23,SC,MARION
45069,2007,BU / ACRE,37,SC,MARLBORO
45089,2007,BU / ACRE,29,SC,WILLIAMSBURG
45003,2007,BU / ACRE,27,SC,AIKEN
45071,2007,BU / ACRE,29,SC,NEWBERRY
45081,2007,BU / ACRE,32,SC,SALUDA
45027,2007,BU / ACRE,32,SC,CLARENDON
45061,2007,BU / ACRE,32,SC,LEE
45075,2007,BU / ACRE,42,SC,ORANGEBURG
45079,2007,BU / ACRE,34,SC,RICHLAND
45085,2007,BU / ACRE,32,SC,SUMTER
45005,2007,BU / ACRE,20,SC,ALLENDALE
45009,2007,BU / ACRE,40,SC,BAMBERG
45011,2007,BU / ACRE,34,SC,BARNWELL
45029,2007,BU / ACRE,24,SC,COLLETON
45049,2007,BU / ACRE,21,SC,HAMPTON
46019,2007,BU / ACRE,31.4,SD,BUTTE
46041,2007,BU / ACRE,33.5,SD,DEWEY
46063,2007,BU / ACRE,22.1,SD,HARDING
46137,2007,BU / ACRE,30.4,SD,ZIEBACH
46013,2007,BU / ACRE,42.6,SD,BROWN
46021,2007,BU / ACRE,42.3,SD,CAMPBELL
46045,2007,BU / ACRE,49.2,SD,EDMUNDS
46049,2007,BU / ACRE,53.2,SD,FAULK
46089,2007,BU / ACRE,46.2,SD,MCPHERSON
46107,2007,BU / ACRE,51.7,SD,POTTER
46115,2007,BU / ACRE,46.1,SD,SPINK
46129,2007,BU / ACRE,47,SD,WALWORTH
46025,2007,BU / ACRE,50.8,SD,CLARK
46029,2007,BU / ACRE,52.4,SD,CODINGTON
46037,2007,BU / ACRE,48.6,SD,DAY
46039,2007,BU / ACRE,55,SD,DEUEL
46051,2007,BU / ACRE,50.8,SD,GRANT
46057,2007,BU / ACRE,57.1,SD,HAMLIN
46055,2007,BU / ACRE,33.2,SD,HAAKON
46081,2007,BU / ACRE,30,SD,LAWRENCE
46093,2007,BU / ACRE,26.7,SD,MEADE
46117,2007,BU / ACRE,33.3,SD,STANLEY
46003,2007,BU / ACRE,58.3,SD,AURORA
46005,2007,BU / ACRE,51.4,SD,BEADLE
46015,2007,BU / ACRE,51.5,SD,BRULE
46017,2007,BU / ACRE,49.2,SD,BUFFALO
46059,2007,BU / ACRE,53.6,SD,HAND
46065,2007,BU / ACRE,42.8,SD,HUGHES
46069,2007,BU / ACRE,46.9,SD,HYDE
46073,2007,BU / ACRE,51.8,SD,JERAULD
46119,2007,BU / ACRE,45,SD,SULLY
46011,2007,BU / ACRE,51.3,SD,BROOKINGS
46035,2007,BU / ACRE,58.5,SD,DAVISON
46061,2007,BU / ACRE,43.9,SD,HANSON
46077,2007,BU / ACRE,48.6,SD,KINGSBURY
46097,2007,BU / ACRE,42.2,SD,MINER
46007,2007,BU / ACRE,28.6,SD,BENNETT
46047,2007,BU / ACRE,27.1,SD,FALL RIVER
46053,2007,BU / ACRE,41.2,SD,GREGORY
46075,2007,BU / ACRE,36.9,SD,JONES
46085,2007,BU / ACRE,41.9,SD,LYMAN
46095,2007,BU / ACRE,33.7,SD,MELLETTE
46121,2007,BU / ACRE,31.8,SD,TODD
46123,2007,BU / ACRE,39.9,SD,TRIPP
46009,2007,BU / ACRE,48.1,SD,BON HOMME
46023,2007,BU / ACRE,52.7,SD,CHARLES MIX
47045,2007,BU / ACRE,46,TN,DYER
47095,2007,BU / ACRE,47,TN,LAKE
47097,2007,BU / ACRE,41,TN,LAUDERDALE
47131,2007,BU / ACRE,43,TN,OBION
47157,2007,BU / ACRE,40,TN,SHELBY
47167,2007,BU / ACRE,37,TN,TIPTON
47017,2007,BU / ACRE,36,TN,CARROLL
47023,2007,BU / ACRE,36,TN,CHESTER
47033,2007,BU / ACRE,44,TN,CROCKETT
47047,2007,BU / ACRE,50,TN,FAYETTE
47053,2007,BU / ACRE,42,TN,GIBSON
47069,2007,BU / ACRE,30,TN,HARDEMAN
47071,2007,BU / ACRE,34,TN,HARDIN
47075,2007,BU / ACRE,37,TN,HAYWOOD
47077,2007,BU / ACRE,38,TN,HENDERSON
47079,2007,BU / ACRE,45,TN,HENRY
47109,2007,BU / ACRE,33,TN,MCNAIRY
47113,2007,BU / ACRE,43,TN,MADISON
47183,2007,BU / ACRE,41,TN,WEAKLEY
47081,2007,BU / ACRE,46,TN,HICKMAN
47099,2007,BU / ACRE,41,TN,LAWRENCE
47125,2007,BU / ACRE,37,TN,MONTGOMERY
47147,2007,BU / ACRE,42,TN,ROBERTSON
47003,2007,BU / ACRE,41,TN,BEDFORD
47015,2007,BU / ACRE,38,TN,CANNON
47055,2007,BU / ACRE,29,TN,GILES
47103,2007,BU / ACRE,39,TN,LINCOLN
47111,2007,BU / ACRE,42,TN,MACON
47117,2007,BU / ACRE,35,TN,MARSHALL
47119,2007,BU / ACRE,34,TN,MAURY
47149,2007,BU / ACRE,24,TN,RUTHERFORD
47159,2007,BU / ACRE,51,TN,SMITH
47165,2007,BU / ACRE,43,TN,SUMNER
47169,2007,BU / ACRE,40,TN,TROUSDALE
47187,2007,BU / ACRE,40,TN,WILLIAMSON
47189,2007,BU / ACRE,30,TN,WILSON
47007,2007,BU / ACRE,35,TN,BLEDSOE
47031,2007,BU / ACRE,33,TN,COFFEE
47051,2007,BU / ACRE,39,TN,FRANKLIN
47061,2007,BU / ACRE,37,TN,GRUNDY
47115,2007,BU / ACRE,28,TN,MARION
47177,2007,BU / ACRE,27,TN,WARREN
47009,2007,BU / ACRE,38,TN,BLOUNT
47105,2007,BU / ACRE,35,TN,LOUDON
47123,2007,BU / ACRE,43,TN,MONROE
47139,2007,BU / ACRE,41,TN,POLK
47143,2007,BU / ACRE,38,TN,RHEA
48011,2007,BU / ACRE,41,TX,ARMSTRONG
48045,2007,BU / ACRE,33,TX,BRISCOE
48065,2007,BU / ACRE,46,TX,CARSON
48069,2007,BU / ACRE,45,TX,CASTRO
48111,2007,BU / ACRE,50,TX,DALLAM
48117,2007,BU / ACRE,41,TX,DEAF SMITH
48153,2007,BU / ACRE,36,TX,FLOYD
48179,2007,BU / ACRE,42,TX,GRAY
48189,2007,BU / ACRE,45,TX,HALE
48195,2007,BU / ACRE,45,TX,HANSFORD
48205,2007,BU / ACRE,52,TX,HARTLEY
48211,2007,BU / ACRE,31,TX,HEMPHILL
48233,2007,BU / ACRE,44,TX,HUTCHINSON
48295,2007,BU / ACRE,36,TX,LIPSCOMB
48341,2007,BU / ACRE,47,TX,MOORE
48357,2007,BU / ACRE,49,TX,OCHILTREE
48359,2007,BU / ACRE,29,TX,OLDHAM
48369,2007,BU / ACRE,46,TX,PARMER
48375,2007,BU / ACRE,32,TX,POTTER
48381,2007,BU / ACRE,39,TX,RANDALL
48393,2007,BU / ACRE,38,TX,ROBERTS
48421,2007,BU / ACRE,45,TX,SHERMAN
48437,2007,BU / ACRE,45,TX,SWISHER
48017,2007,BU / ACRE,34,TX,BAILEY
48079,2007,BU / ACRE,30,TX,COCHRAN
48107,2007,BU / ACRE,34,TX,CROSBY
48115,2007,BU / ACRE,40,TX,DAWSON
48165,2007,BU / ACRE,41,TX,GAINES
48173,2007,BU / ACRE,30,TX,GLASSCOCK
48219,2007,BU / ACRE,30,TX,HOCKLEY
48279,2007,BU / ACRE,54,TX,LAMB
48303,2007,BU / ACRE,35,TX,LUBBOCK
48305,2007,BU / ACRE,33,TX,LYNN
48329,2007,BU / ACRE,26,TX,MIDLAND
48445,2007,BU / ACRE,29,TX,TERRY
48501,2007,BU / ACRE,46,TX,YOAKUM
48075,2007,BU / ACRE,31,TX,CHILDRESS
48087,2007,BU / ACRE,29,TX,COLLINGSWORTH
48101,2007,BU / ACRE,26,TX,COTTLE
48125,2007,BU / ACRE,23,TX,DICKENS
48129,2007,BU / ACRE,36,TX,DONLEY
48155,2007,BU / ACRE,35,TX,FOARD
48191,2007,BU / ACRE,44,TX,HALL
48197,2007,BU / ACRE,31,TX,HARDEMAN
48263,2007,BU / ACRE,27,TX,KENT
48269,2007,BU / ACRE,30,TX,KING
48483,2007,BU / ACRE,26,TX,WHEELER
48485,2007,BU / ACRE,30,TX,WICHITA
48487,2007,BU / ACRE,32,TX,WILBARGER
48023,2007,BU / ACRE,27,TX,BAYLOR
48083,2007,BU / ACRE,18,TX,COLEMAN
48151,2007,BU / ACRE,28,TX,FISHER
48207,2007,BU / ACRE,24,TX,HASKELL
48253,2007,BU / ACRE,28,TX,JONES
48275,2007,BU / ACRE,29,TX,KNOX
48335,2007,BU / ACRE,28,TX,MITCHELL
48353,2007,BU / ACRE,22,TX,NOLAN
48399,2007,BU / ACRE,26,TX,RUNNELS
48415,2007,BU / ACRE,20,TX,SCURRY
48433,2007,BU / ACRE,28,TX,STONEWALL
48441,2007,BU / ACRE,27,TX,TAYLOR
48009,2007,BU / ACRE,31,TX,ARCHER
48049,2007,BU / ACRE,17,TX,BROWN
48059,2007,BU / ACRE,22,TX,CALLAHAN
48077,2007,BU / ACRE,21,TX,CLAY
48133,2007,BU / ACRE,25,TX,EASTLAND
48143,2007,BU / ACRE,23,TX,ERATH
48221,2007,BU / ACRE,40,TX,HOOD
48333,2007,BU / ACRE,40,TX,MILLS
48337,2007,BU / ACRE,22,TX,MONTAGUE
48367,2007,BU / ACRE,47,TX,PARKER
48417,2007,BU / ACRE,29,TX,SHACKELFORD
48447,2007,BU / ACRE,22,TX,THROCKMORTON
48497,2007,BU / ACRE,12,TX,WISE
48503,2007,BU / ACRE,24,TX,YOUNG
48027,2007,BU / ACRE,37,TX,BELL
48085,2007,BU / ACRE,31,TX,COLLIN
48097,2007,BU / ACRE,43,TX,COOKE
48099,2007,BU / ACRE,30,TX,CORYELL
48113,2007,BU / ACRE,40,TX,DALLAS
48119,2007,BU / ACRE,46,TX,DELTA
48121,2007,BU / ACRE,23,TX,DENTON
48139,2007,BU / ACRE,36,TX,ELLIS
48145,2007,BU / ACRE,37,TX,FALLS
48147,2007,BU / ACRE,31,TX,FANNIN
48181,2007,BU / ACRE,41,TX,GRAYSON
48193,2007,BU / ACRE,40,TX,HAMILTON
48217,2007,BU / ACRE,38,TX,HILL
48231,2007,BU / ACRE,35,TX,HUNT
48251,2007,BU / ACRE,38,TX,JOHNSON
48277,2007,BU / ACRE,40,TX,LAMAR
48309,2007,BU / ACRE,40,TX,MCLENNAN
48331,2007,BU / ACRE,50,TX,MILAM
48349,2007,BU / ACRE,30,TX,NAVARRO
48439,2007,BU / ACRE,43,TX,TARRANT
48491,2007,BU / ACRE,42,TX,WILLIAMSON
48389,2007,BU / ACRE,40,TX,REEVES
48081,2007,BU / ACRE,23,TX,COKE
48095,2007,BU / ACRE,20,TX,CONCHO
48171,2007,BU / ACRE,31,TX,GILLESPIE
48307,2007,BU / ACRE,16,TX,MCCULLOCH
48319,2007,BU / ACRE,38,TX,MASON
48383,2007,BU / ACRE,28,TX,REAGAN
48411,2007,BU / ACRE,33,TX,SAN SABA
48413,2007,BU / ACRE,21,TX,SCHLEICHER
48451,2007,BU / ACRE,31,TX,TOM GREEN
48461,2007,BU / ACRE,10,TX,UPTON
48463,2007,BU / ACRE,29,TX,UVALDE
48029,2007,BU / ACRE,32,TX,BEXAR
48123,2007,BU / ACRE,29,TX,DE WITT
48187,2007,BU / ACRE,28,TX,GUADALUPE
48209,2007,BU / ACRE,18,TX,HAYS
48325,2007,BU / ACRE,29,TX,MEDINA
48453,2007,BU / ACRE,32,TX,TRAVIS
48355,2007,BU / ACRE,43,TX,NUECES
48013,2007,BU / ACRE,21,TX,ATASCOSA
48163,2007,BU / ACRE,19,TX,FRIO
48507,2007,BU / ACRE,26,TX,ZAVALA
49003,2007,BU / ACRE,56,UT,BOX ELDER
49005,2007,BU / ACRE,52,UT,CACHE
49011,2007,BU / ACRE,94,UT,DAVIS
49035,2007,BU / ACRE,21,UT,SALT LAKE
49057,2007,BU / ACRE,94,UT,WEBER
49023,2007,BU / ACRE,28,UT,JUAB
49027,2007,BU / ACRE,77,UT,MILLARD
49039,2007,BU / ACRE,46,UT,SANPETE
49049,2007,BU / ACRE,39,UT,UTAH
49037,2007,BU / ACRE,15,UT,SAN JUAN
51043,2007,BU / ACRE,60,VA,CLARKE
51047,2007,BU / ACRE,62,VA,CULPEPER
51061,2007,BU / ACRE,29,VA,FAUQUIER
51069,2007,BU / ACRE,65,VA,FREDERICK
51107,2007,BU / ACRE,67,VA,LOUDOUN
51113,2007,BU / ACRE,78,VA,MADISON
51165,2007,BU / ACRE,70,VA,ROCKINGHAM
51171,2007,BU / ACRE,66,VA,SHENANDOAH
51015,2007,BU / ACRE,66,VA,AUGUSTA
51023,2007,BU / ACRE,63,VA,BOTETOURT
51003,2007,BU / ACRE,76,VA,ALBEMARLE
51007,2007,BU / ACRE,66,VA,AMELIA
51011,2007,BU / ACRE,52,VA,APPOMATTOX
51019,2007,BU / ACRE,56,VA,BEDFORD
51031,2007,BU / ACRE,50,VA,CAMPBELL
51033,2007,BU / ACRE,66,VA,CAROLINE
51041,2007,BU / ACRE,59,VA,CHESTERFIELD
51065,2007,BU / ACRE,65,VA,FLUVANNA
51075,2007,BU / ACRE,59,VA,GOOCHLAND
51085,2007,BU / ACRE,65,VA,HANOVER
51087,2007,BU / ACRE,68,VA,HENRICO
51109,2007,BU / ACRE,58,VA,LOUISA
51137,2007,BU / ACRE,70,VA,ORANGE
51177,2007,BU / ACRE,63,VA,SPOTSYLVANIA
51001,2007,BU / ACRE,78,VA,ACCOMACK
51036,2007,BU / ACRE,67,VA,CHARLES CITY
51057,2007,BU / ACRE,58,VA,ESSEX
51073,2007,BU / ACRE,70,VA,GLOUCESTER
51097,2007,BU / ACRE,64,VA,KING AND QUEEN
51099,2007,BU / ACRE,60,VA,KING GEORGE
51101,2007,BU / ACRE,67,VA,KING WILLIAM
51103,2007,BU / ACRE,66,VA,LANCASTER
51119,2007,BU / ACRE,73,VA,MIDDLESEX
51127,2007,BU / ACRE,61,VA,NEW KENT
51131,2007,BU / ACRE,68,VA,NORTHAMPTON
51133,2007,BU / ACRE,66,VA,NORTHUMBERLAND
51159,2007,BU / ACRE,65,VA,RICHMOND
51193,2007,BU / ACRE,67,VA,WESTMORELAND
51037,2007,BU / ACRE,65,VA,CHARLOTTE
51067,2007,BU / ACRE,47,VA,FRANKLIN
51083,2007,BU / ACRE,41,VA,HALIFAX
51143,2007,BU / ACRE,43,VA,PITTSYLVANIA
51025,2007,BU / ACRE,38,VA,BRUNSWICK
51053,2007,BU / ACRE,73,VA,DINWIDDIE
51081,2007,BU / ACRE,47,VA,GREENSVILLE
51093,2007,BU / ACRE,59,VA,ISLE OF WIGHT
51117,2007,BU / ACRE,53,VA,MECKLENBURG
51149,2007,BU / ACRE,57,VA,PRINCE GEORGE
51175,2007,BU / ACRE,65,VA,SOUTHAMPTON
51181,2007,BU / ACRE,65,VA,SURRY
51183,2007,BU / ACRE,65,VA,SUSSEX
51550,2007,BU / ACRE,61,VA,CHESAPEAKE CITY
51800,2007,BU / ACRE,60,VA,SUFFOLK CITY
51810,2007,BU / ACRE,72,VA,VIRGINIA BEACH CITY
53005,2007,BU / ACRE,52.6,WA,BENTON
53039,2007,BU / ACRE,30.9,WA,KLICKITAT
53047,2007,BU / ACRE,38.5,WA,OKANOGAN
53077,2007,BU / ACRE,78.3,WA,YAKIMA
53063,2007,BU / ACRE,58.7,WA,SPOKANE
53065,2007,BU / ACRE,44.5,WA,STEVENS
53001,2007,BU / ACRE,51.9,WA,ADAMS
53017,2007,BU / ACRE,43.8,WA,DOUGLAS
53021,2007,BU / ACRE,62.1,WA,FRANKLIN
53025,2007,BU / ACRE,72.6,WA,GRANT
53043,2007,BU / ACRE,54.2,WA,LINCOLN
53003,2007,BU / ACRE,42.3,WA,ASOTIN
53013,2007,BU / ACRE,66.4,WA,COLUMBIA
53023,2007,BU / ACRE,52.6,WA,GARFIELD
53071,2007,BU / ACRE,67.4,WA,WALLA WALLA
53075,2007,BU / ACRE,66.7,WA,WHITMAN
54003,2007,BU / ACRE,53.8,WV,BERKELEY
54037,2007,BU / ACRE,60,WV,JEFFERSON
55005,2007,BU / ACRE,42,WI,BARRON
55019,2007,BU / ACRE,57,WI,CLARK
55073,2007,BU / ACRE,50,WI,MARATHON
55067,2007,BU / ACRE,53,WI,LANGLADE
55075,2007,BU / ACRE,52,WI,MARINETTE
55083,2007,BU / ACRE,58,WI,OCONTO
55115,2007,BU / ACRE,53,WI,SHAWANO
55033,2007,BU / ACRE,37,WI,DUNN
55063,2007,BU / ACRE,42,WI,LA CROSSE
55081,2007,BU / ACRE,50,WI,MONROE
55109,2007,BU / ACRE,50,WI,ST CROIX
55047,2007,BU / ACRE,69,WI,GREEN LAKE
55057,2007,BU / ACRE,51,WI,JUNEAU
55077,2007,BU / ACRE,48,WI,MARQUETTE
55135,2007,BU / ACRE,56,WI,WAUPACA
55137,2007,BU / ACRE,66,WI,WAUSHARA
55141,2007,BU / ACRE,64,WI,WOOD
55009,2007,BU / ACRE,74,WI,BROWN
55015,2007,BU / ACRE,75,WI,CALUMET
55029,2007,BU / ACRE,54,WI,DOOR
55039,2007,BU / ACRE,76,WI,FOND DU LAC
55061,2007,BU / ACRE,67,WI,KEWAUNEE
55071,2007,BU / ACRE,70,WI,MANITOWOC
55087,2007,BU / ACRE,76,WI,OUTAGAMIE
55117,2007,BU / ACRE,72,WI,SHEBOYGAN
55139,2007,BU / ACRE,69,WI,WINNEBAGO
55043,2007,BU / ACRE,73,WI,GRANT
55049,2007,BU / ACRE,64,WI,IOWA
55065,2007,BU / ACRE,66,WI,LAFAYETTE
55111,2007,BU / ACRE,62,WI,SAUK
55123,2007,BU / ACRE,57,WI,VERNON
55021,2007,BU / ACRE,72,WI,COLUMBIA
55025,2007,BU / ACRE,74,WI,DANE
55027,2007,BU / ACRE,78,WI,DODGE
55045,2007,BU / ACRE,67,WI,GREEN
55055,2007,BU / ACRE,67,WI,JEFFERSON
55105,2007,BU / ACRE,73,WI,ROCK
55059,2007,BU / ACRE,75,WI,KENOSHA
55089,2007,BU / ACRE,73,WI,OZAUKEE
55101,2007,BU / ACRE,75,WI,RACINE
55127,2007,BU / ACRE,71,WI,WALWORTH
55131,2007,BU / ACRE,69,WI,WASHINGTON
16009,2007,BU / NET PLANTED ACRE,61.4,ID,BENEWAH
16021,2007,BU / NET PLANTED ACRE,63.9,ID,BOUNDARY
16035,2007,BU / NET PLANTED ACRE,49.5,ID,CLEARWATER
16049,2007,BU / NET PLANTED ACRE,57.6,ID,IDAHO
16055,2007,BU / NET PLANTED ACRE,64.4,ID,KOOTENAI
16057,2007,BU / NET PLANTED ACRE,63.8,ID,LATAH
16061,2007,BU / NET PLANTED ACRE,48.5,ID,LEWIS
16069,2007,BU / NET PLANTED ACRE,58.2,ID,NEZ PERCE
16001,2007,BU / NET PLANTED ACRE,102.7,ID,ADA
16027,2007,BU / NET PLANTED ACRE,100.7,ID,CANYON
16039,2007,BU / NET PLANTED ACRE,84.8,ID,ELMORE
16045,2007,BU / NET PLANTED ACRE,102.3,ID,GEM
16073,2007,BU / NET PLANTED ACRE,95.1,ID,OWYHEE
16075,2007,BU / NET PLANTED ACRE,86.5,ID,PAYETTE
16087,2007,BU / NET PLANTED ACRE,75.9,ID,WASHINGTON
16031,2007,BU / NET PLANTED ACRE,91,ID,CASSIA
16047,2007,BU / NET PLANTED ACRE,100.8,ID,GOODING
16053,2007,BU / NET PLANTED ACRE,104.5,ID,JEROME
16063,2007,BU / NET PLANTED ACRE,94,ID,LINCOLN
16067,2007,BU / NET PLANTED ACRE,99.1,ID,MINIDOKA
16083,2007,BU / NET PLANTED ACRE,106.8,ID,TWIN FALLS
16005,2007,BU / NET PLANTED ACRE,43.7,ID,BANNOCK
16007,2007,BU / NET PLANTED ACRE,16.7,ID,BEAR LAKE
16011,2007,BU / NET PLANTED ACRE,96.4,ID,BINGHAM
16019,2007,BU / NET PLANTED ACRE,54.2,ID,BONNEVILLE
16023,2007,BU / NET PLANTED ACRE,83.4,ID,BUTTE
16029,2007,BU / NET PLANTED ACRE,40.7,ID,CARIBOU
16041,2007,BU / NET PLANTED ACRE,39.5,ID,FRANKLIN
16043,2007,BU / NET PLANTED ACRE,60.1,ID,FREMONT
16051,2007,BU / NET PLANTED ACRE,96.4,ID,JEFFERSON
16065,2007,BU / NET PLANTED ACRE,72.6,ID,MADISON
16071,2007,BU / NET PLANTED ACRE,26.3,ID,ONEIDA
16077,2007,BU / NET PLANTED ACRE,62.5,ID,POWER
16081,2007,BU / NET PLANTED ACRE,36.3,ID,TETON
30029,2007,BU / NET PLANTED ACRE,60.8,MT,FLATHEAD
30047,2007,BU / NET PLANTED ACRE,49.7,MT,LAKE
30063,2007,BU / NET PLANTED ACRE,41.5,MT,MISSOULA
30081,2007,BU / NET PLANTED ACRE,23.3,MT,RAVALLI
30089,2007,BU / NET PLANTED ACRE,30,MT,SANDERS
30005,2007,BU / NET PLANTED ACRE,26.3,MT,BLAINE
30015,2007,BU / NET PLANTED ACRE,45.6,MT,CHOUTEAU
30035,2007,BU / NET PLANTED ACRE,13.9,MT,GLACIER
30041,2007,BU / NET PLANTED ACRE,30.2,MT,HILL
30051,2007,BU / NET PLANTED ACRE,24,MT,LIBERTY
30071,2007,BU / NET PLANTED ACRE,24.8,MT,PHILLIPS
30073,2007,BU / NET PLANTED ACRE,31.4,MT,PONDERA
30099,2007,BU / NET PLANTED ACRE,36.9,MT,TETON
30101,2007,BU / NET PLANTED ACRE,19,MT,TOOLE
30019,2007,BU / NET PLANTED ACRE,20.8,MT,DANIELS
30021,2007,BU / NET PLANTED ACRE,25.4,MT,DAWSON
30033,2007,BU / NET PLANTED ACRE,25,MT,GARFIELD
30055,2007,BU / NET PLANTED ACRE,24.2,MT,MCCONE
30083,2007,BU / NET PLANTED ACRE,25.3,MT,RICHLAND
30085,2007,BU / NET PLANTED ACRE,26,MT,ROOSEVELT
30091,2007,BU / NET PLANTED ACRE,23.9,MT,SHERIDAN
30105,2007,BU / NET PLANTED ACRE,18.9,MT,VALLEY
30007,2007,BU / NET PLANTED ACRE,36.7,MT,BROADWATER
30013,2007,BU / NET PLANTED ACRE,41.3,MT,CASCADE
30027,2007,BU / NET PLANTED ACRE,37.1,MT,FERGUS
30037,2007,BU / NET PLANTED ACRE,26.9,MT,GOLDEN VALLEY
30045,2007,BU / NET PLANTED ACRE,35.2,MT,JUDITH BASIN
30049,2007,BU / NET PLANTED ACRE,37.4,MT,LEWIS AND CLARK
30059,2007,BU / NET PLANTED ACRE,24.8,MT,MEAGHER
30065,2007,BU / NET PLANTED ACRE,23.9,MT,MUSSELSHELL
30069,2007,BU / NET PLANTED ACRE,26.9,MT,PETROLEUM
30107,2007,BU / NET PLANTED ACRE,24.8,MT,WHEATLAND
30001,2007,BU / NET PLANTED ACRE,77.9,MT,BEAVERHEAD
30031,2007,BU / NET PLANTED ACRE,50.2,MT,GALLATIN
30043,2007,BU / NET PLANTED ACRE,28.2,MT,JEFFERSON
30057,2007,BU / NET PLANTED ACRE,57.3,MT,MADISON
30003,2007,BU / NET PLANTED ACRE,37.9,MT,BIG HORN
30009,2007,BU / NET PLANTED ACRE,22.4,MT,CARBON
30067,2007,BU / NET PLANTED ACRE,29.6,MT,PARK
30095,2007,BU / NET PLANTED ACRE,25.7,MT,STILLWATER
30097,2007,BU / NET PLANTED ACRE,27.4,MT,SWEET GRASS
30103,2007,BU / NET PLANTED ACRE,52,MT,TREASURE
30111,2007,BU / NET PLANTED ACRE,29.1,MT,YELLOWSTONE
30011,2007,BU / NET PLANTED ACRE,29.5,MT,CARTER
30017,2007,BU / NET PLANTED ACRE,25.8,MT,CUSTER
30025,2007,BU / NET PLANTED ACRE,24.4,MT,FALLON
30075,2007,BU / NET PLANTED ACRE,30.8,MT,POWDER RIVER
30079,2007,BU / NET PLANTED ACRE,27,MT,PRAIRIE
30087,2007,BU / NET PLANTED ACRE,22.7,MT,ROSEBUD
30109,2007,BU / NET PLANTED ACRE,25.3,MT,WIBAUX
41003,2007,BU / NET PLANTED ACRE,94.1,OR,BENTON
41005,2007,BU / NET PLANTED ACRE,60,OR,CLACKAMAS
41039,2007,BU / NET PLANTED ACRE,110.8,OR,LANE
41043,2007,BU / NET PLANTED ACRE,88.5,OR,LINN
41047,2007,BU / NET PLANTED ACRE,75.4,OR,MARION
41051,2007,BU / NET PLANTED ACRE,66,OR,MULTNOMAH
41053,2007,BU / NET PLANTED ACRE,86.2,OR,POLK
41067,2007,BU / NET PLANTED ACRE,88.2,OR,WASHINGTON
41071,2007,BU / NET PLANTED ACRE,73.5,OR,YAMHILL
41021,2007,BU / NET PLANTED ACRE,41,OR,GILLIAM
41049,2007,BU / NET PLANTED ACRE,36.9,OR,MORROW
41055,2007,BU / NET PLANTED ACRE,46.3,OR,SHERMAN
41065,2007,BU / NET PLANTED ACRE,45,OR,WASCO
41001,2007,BU / NET PLANTED ACRE,79.3,OR,BAKER
41059,2007,BU / NET PLANTED ACRE,52.4,OR,UMATILLA
41061,2007,BU / NET PLANTED ACRE,74.6,OR,UNION
41063,2007,BU / NET PLANTED ACRE,48.4,OR,WALLOWA
41013,2007,BU / NET PLANTED ACRE,97.6,OR,CROOK
41017,2007,BU / NET PLANTED ACRE,67.5,OR,DESCHUTES
41031,2007,BU / NET PLANTED ACRE,106.3,OR,JEFFERSON
41035,2007,BU / NET PLANTED ACRE,78.8,OR,KLAMATH
41045,2007,BU / NET PLANTED ACRE,98.1,OR,MALHEUR
41069,2007,BU / NET PLANTED ACRE,37.7,OR,WHEELER
46019,2007,BU / NET PLANTED ACRE,29.9,SD,BUTTE
46041,2007,BU / NET PLANTED ACRE,31.5,SD,DEWEY
46063,2007,BU / NET PLANTED ACRE,20.8,SD,HARDING
46137,2007,BU / NET PLANTED ACRE,27,SD,ZIEBACH
46013,2007,BU / NET PLANTED ACRE,40.7,SD,BROWN
46021,2007,BU / NET PLANTED ACRE,42,SD,CAMPBELL
46045,2007,BU / NET PLANTED ACRE,48.8,SD,EDMUNDS
46049,2007,BU / NET PLANTED ACRE,53,SD,FAULK
46089,2007,BU / NET PLANTED ACRE,45.8,SD,MCPHERSON
46107,2007,BU / NET PLANTED ACRE,51.1,SD,POTTER
46115,2007,BU / NET PLANTED ACRE,41.9,SD,SPINK
46129,2007,BU / NET PLANTED ACRE,45.4,SD,WALWORTH
46025,2007,BU / NET PLANTED ACRE,49.8,SD,CLARK
46029,2007,BU / NET PLANTED ACRE,51.8,SD,CODINGTON
46037,2007,BU / NET PLANTED ACRE,48.3,SD,DAY
46039,2007,BU / NET PLANTED ACRE,53.8,SD,DEUEL
46051,2007,BU / NET PLANTED ACRE,50.3,SD,GRANT
46057,2007,BU / NET PLANTED ACRE,56.5,SD,HAMLIN
46055,2007,BU / NET PLANTED ACRE,29.9,SD,HAAKON
46081,2007,BU / NET PLANTED ACRE,18.8,SD,LAWRENCE
46093,2007,BU / NET PLANTED ACRE,23.7,SD,MEADE
46117,2007,BU / NET PLANTED ACRE,30,SD,STANLEY
46003,2007,BU / NET PLANTED ACRE,57.5,SD,AURORA
46005,2007,BU / NET PLANTED ACRE,50.4,SD,BEADLE
46015,2007,BU / NET PLANTED ACRE,50.4,SD,BRULE
46017,2007,BU / NET PLANTED ACRE,47.9,SD,BUFFALO
46059,2007,BU / NET PLANTED ACRE,53.1,SD,HAND
46065,2007,BU / NET PLANTED ACRE,40.3,SD,HUGHES
46069,2007,BU / NET PLANTED ACRE,44.9,SD,HYDE
46073,2007,BU / NET PLANTED ACRE,51.2,SD,JERAULD
46119,2007,BU / NET PLANTED ACRE,44.5,SD,SULLY
46011,2007,BU / NET PLANTED ACRE,47.8,SD,BROOKINGS
46035,2007,BU / NET PLANTED ACRE,57.7,SD,DAVISON
46061,2007,BU / NET PLANTED ACRE,35.4,SD,HANSON
46077,2007,BU / NET PLANTED ACRE,47.7,SD,KINGSBURY
46097,2007,BU / NET PLANTED ACRE,36.1,SD,MINER
46007,2007,BU / NET PLANTED ACRE,26,SD,BENNETT
46047,2007,BU / NET PLANTED ACRE,21.8,SD,FALL RIVER
46053,2007,BU / NET PLANTED ACRE,38.7,SD,GREGORY
46075,2007,BU / NET PLANTED ACRE,35.3,SD,JONES
46085,2007,BU / NET PLANTED ACRE,41.1,SD,LYMAN
46095,2007,BU / NET PLANTED ACRE,32.6,SD,MELLETTE
46121,2007,BU / NET PLANTED ACRE,30.6,SD,TODD
46123,2007,BU / NET PLANTED ACRE,39.3,SD,TRIPP
46009,2007,BU / NET PLANTED ACRE,47.4,SD,BON HOMME
46023,2007,BU / NET PLANTED ACRE,52,SD,CHARLES MIX
53005,2007,BU / NET PLANTED ACRE,51.5,WA,BENTON
53039,2007,BU / NET PLANTED ACRE,30.1,WA,KLICKITAT
53047,2007,BU / NET PLANTED ACRE,38.5,WA,OKANOGAN
53077,2007,BU / NET PLANTED ACRE,74.3,WA,YAKIMA
53063,2007,BU / NET PLANTED ACRE,57.4,WA,SPOKANE
53065,2007,BU / NET PLANTED ACRE,44.5,WA,STEVENS
53001,2007,BU / NET PLANTED ACRE,51.4,WA,ADAMS
53017,2007,BU / NET PLANTED ACRE,42.8,WA,DOUGLAS
53021,2007,BU / NET PLANTED ACRE,61.4,WA,FRANKLIN
53025,2007,BU / NET PLANTED ACRE,71.2,WA,GRANT
53043,2007,BU / NET PLANTED ACRE,53.4,WA,LINCOLN
53003,2007,BU / NET PLANTED ACRE,40.5,WA,ASOTIN
53013,2007,BU / NET PLANTED ACRE,65.7,WA,COLUMBIA
53023,2007,BU / NET PLANTED ACRE,51.9,WA,GARFIELD
53071,2007,BU / NET PLANTED ACRE,67.1,WA,WALLA WALLA
53075,2007,BU / NET PLANTED ACRE,66.1,WA,WHITMAN
